variant_key,rsid,chrom,start,ref,alt,genome_build,clin_sig,clin_sig_raw,review_status,review_stars,condition,variation_id,dataset,source,status,fetched_at
ga4gh:VA.PxEq86dyYYZ9DAMSmfXDcmVPwGrdnRDF,rs118203998,16,23603471,G,A,GRCh38,uncertain_significance,Uncertain_significance,no_assertion_criteria_provided,0,not provided,830211,clinvar_2026-06-27,clinvar,resolved,2026-08-13T23:43:40Z
ga4gh:VA.FN6Bzqt2MnYkNlIh6XKJue7SuZorzDh6,rs118203998,16,23603471,G,C,GRCh38,pathogenic,Pathogenic/Likely_pathogenic,"criteria_provided,_multiple_submitters,_no_conflicts",2,"Inherited breast cancer and ovarian cancer|PALB2-related disorder|Breast-ovarian cancer, familial, susceptibility to, 5|PALB2-related cancer predisposition|Hereditary cancer-predisposing syndrome|not specified|not provided|Hereditary breast ovarian cancer syndrome|Familial cancer of breast|Fanconi anemia complementation group N|Pancreatic cancer, susceptibility to, 3",1245,clinvar_2026-06-27,clinvar,resolved,2026-08-13T23:43:40Z
ga4gh:VA.vVxGroynWh7-o2NDCsgaDyGK5la1GOH8,rs118203998,16,23603471,G,T,GRCh38,pathogenic,Pathogenic,reviewed_by_expert_panel,3,"Fanconi anemia complementation group N|Pancreatic cancer, susceptibility to, 3|Breast-ovarian cancer, familial, susceptibility to, 5|Hereditary cancer-predisposing syndrome|PALB2-related cancer predisposition|PALB2-related disorder|Familial cancer of breast|not provided|Hereditary breast ovarian cancer syndrome|Breast-ovarian cancer, familial, susceptibility to, 1",128144,clinvar_2026-06-27,clinvar,resolved,2026-08-13T23:43:40Z
16:23603657:AC:A,rs515726117,16,23603657,AC,A,GRCh38,likely_pathogenic,Likely_pathogenic,reviewed_by_expert_panel,3,"PALB2-related cancer predisposition|Breast-ovarian cancer, familial, susceptibility to, 5|Breast and/or ovarian cancer|Hereditary cancer-predisposing syndrome|not provided|Hereditary breast ovarian cancer syndrome|Familial cancer of breast|Malignant tumor of breast",126739,clinvar_2026-06-27,clinvar,resolved,2026-08-13T23:43:40Z
ga4gh:VA.50_y8V3sZ8u3atfkL-anBZki3PYBxkLH,rs180177136,16,23607860,T,C,GRCh38,likely_pathogenic,Likely_pathogenic,reviewed_by_expert_panel,3,"PALB2-related cancer predisposition|Breast-ovarian cancer, familial, susceptibility to, 5|PALB2-related disorder|Hereditary cancer-predisposing syndrome|not provided|Familial cancer of breast|Malignant tumor of breast",126737,clinvar_2026-06-27,clinvar,resolved,2026-08-13T23:43:40Z
ga4gh:VA.y1n7ziYTHklP7TG6O4uNdW0y5AwMWe-0,rs180177136,16,23607860,T,G,GRCh38,likely_pathogenic,Likely_pathogenic,"criteria_provided,_multiple_submitters,_no_conflicts",2,Hereditary cancer-predisposing syndrome|Familial cancer of breast,482036,clinvar_2026-06-27,clinvar,resolved,2026-08-13T23:43:40Z
ga4gh:VA.gp8pPapH5_ybmf1vPA2QCHeo9-8EXCK3,rs876659859,16,23607864,C,T,GRCh38,pathogenic,Pathogenic,reviewed_by_expert_panel,3,"Breast-ovarian cancer, familial, susceptibility to, 5|PALB2-related cancer predisposition|not provided|not specified|Hereditary breast ovarian cancer syndrome|Hereditary cancer-predisposing syndrome|Familial cancer of breast",232594,clinvar_2026-06-27,clinvar,resolved,2026-08-13T23:43:40Z
ga4gh:VA.8kJVxlCelcK9FlBrdO2ZD3KO22HTQJ1a,rs180177132,16,23621362,C,G,GRCh38,likely_pathogenic,Likely_pathogenic,"criteria_provided,_single_submitter",1,Familial cancer of breast,2673836,clinvar_2026-06-27,clinvar,resolved,2026-08-13T23:43:40Z
ga4gh:VA.JqUTbJyObXiIYCu3xGfK_StBC9vyaIRt,rs180177132,16,23621362,C,T,GRCh38,pathogenic,Pathogenic,reviewed_by_expert_panel,3,"PALB2-related cancer predisposition|Breast-ovarian cancer, familial, susceptibility to, 5|Malignant tumor of breast|Pancreatic cancer, susceptibility to, 3|Fanconi anemia complementation group N|PALB2-related disorder|Hereditary cancer-predisposing syndrome|autosomal dominant PALB2-related cancer predisposition|Inherited ovarian cancer (without breast cancer)|Inherited breast cancer and ovarian cancer|NICE approved PARP inhibitor treatment|Breast and/or ovarian cancer|Familial cancer of breast|not provided|Hereditary breast ovarian cancer syndrome",126711,clinvar_2026-06-27,clinvar,resolved,2026-08-13T23:43:40Z
16:23624054:T:TTA,rs587776418,16,23624054,T,TTA,GRCh38,pathogenic,Pathogenic,reviewed_by_expert_panel,3,Familial cancer of breast|Hereditary cancer-predisposing syndrome|PALB2-related cancer predisposition,1453402,clinvar_2026-06-27,clinvar,resolved,2026-08-13T23:43:40Z
16:23624054:TTA:T,rs587776418,16,23624054,TTA,T,GRCh38,pathogenic,Pathogenic,"criteria_provided,_multiple_submitters,_no_conflicts",2,Hereditary cancer-predisposing syndrome|not provided|Familial cancer of breast,143967,clinvar_2026-06-27,clinvar,resolved,2026-08-13T23:43:40Z
ga4gh:VA.DAsp7NmeJ0uYOtMT_twGhw5kB_eOWJFv,rs180177115,16,23629231,G,A,GRCh38,likely_pathogenic,Likely_pathogenic,reviewed_by_expert_panel,3,"PALB2-related cancer predisposition|Breast-ovarian cancer, familial, susceptibility to, 5|Familial cancer of breast|Hereditary cancer-predisposing syndrome|not provided",126660,clinvar_2026-06-27,clinvar,resolved,2026-08-13T23:43:40Z
16:23629255:AGGAAGCTCTGC:TCTGA,rs786203382,16,23629255,AGGAAGCTCTGC,TCTGA,GRCh38,pathogenic,Pathogenic,reviewed_by_expert_panel,3,PALB2-related cancer predisposition|Hereditary cancer-predisposing syndrome,186990,clinvar_2026-06-27,clinvar,resolved,2026-08-13T23:43:40Z
ga4gh:VA.UX2lMt0CvjmjNL1FX7nYESHPcSoURI0W,rs587776415,16,23630080,G,A,GRCh38,likely_pathogenic,Likely_pathogenic,reviewed_by_expert_panel,3,"not provided|Breast-ovarian cancer, familial, susceptibility to, 5|PALB2-related cancer predisposition|Hereditary cancer-predisposing syndrome|Hereditary breast ovarian cancer syndrome|Familial cancer of breast",143966,clinvar_2026-06-27,clinvar,resolved,2026-08-13T23:43:40Z
16:23634953:CA:C,rs180177102,16,23634953,CA,C,GRCh38,pathogenic,Pathogenic,reviewed_by_expert_panel,3,"Breast-ovarian cancer, familial, susceptibility to, 5|PALB2-related cancer predisposition|Familial pancreatic carcinoma|Hereditary cancer-predisposing syndrome|not provided|Hereditary breast ovarian cancer syndrome|Familial cancer of breast",126609,clinvar_2026-06-27,clinvar,resolved,2026-08-13T23:43:40Z
16:23635706:G:GT,rs1555461597,16,23635706,G,GT,GRCh38,pathogenic,Pathogenic,"criteria_provided,_multiple_submitters,_no_conflicts",2,Familial cancer of breast,1451855,clinvar_2026-06-27,clinvar,resolved,2026-08-13T23:43:40Z
16:23635706:GT:G,rs1555461597,16,23635706,GT,G,GRCh38,pathogenic,Pathogenic,reviewed_by_expert_panel,3,Familial cancer of breast|PALB2-related cancer predisposition|Hereditary cancer-predisposing syndrome|PALB2-related disorder|not provided,480243,clinvar_2026-06-27,clinvar,resolved,2026-08-13T23:43:40Z
ga4gh:VA.BGQybF47BPOX6gsllREJ56yDkw0j8vim,rs1327399690,16,23635864,G,A,GRCh38,pathogenic,Pathogenic,reviewed_by_expert_panel,3,"Familial cancer of breast|PALB2-related cancer predisposition|Hereditary breast ovarian cancer syndrome|Breast-ovarian cancer, familial, susceptibility to, 5|Hereditary cancer-predisposing syndrome",484222,clinvar_2026-06-27,clinvar,resolved,2026-08-13T23:43:40Z
16:23636013:TC:T,rs1567222725,16,23636013,TC,T,GRCh38,pathogenic,Pathogenic,reviewed_by_expert_panel,3,PALB2-related cancer predisposition|Hereditary cancer-predisposing syndrome|Familial cancer of breast,580962,clinvar_2026-06-27,clinvar,resolved,2026-08-13T23:43:40Z
16:23636028:CCAGA:C,rs1555461765,16,23636028,CCAGA,C,GRCh38,pathogenic,Pathogenic,reviewed_by_expert_panel,3,Hereditary cancer-predisposing syndrome|Familial cancer of breast|Malignant tumor of breast|PALB2-related cancer predisposition,461007,clinvar_2026-06-27,clinvar,resolved,2026-08-13T23:43:40Z
16:23638068:A:AG,rs1597101776,16,23638068,A,AG,GRCh38,likely_pathogenic,Likely_pathogenic,reviewed_by_expert_panel,3,PALB2-related cancer predisposition|Hereditary cancer-predisposing syndrome,818335,clinvar_2026-06-27,clinvar,resolved,2026-08-13T23:43:40Z
ga4gh:VA.1Pjehc4XvjtpXfOcrlFuCbwzWMovFRe-,rs878855123,16,23641151,C,A,GRCh38,pathogenic,Pathogenic,reviewed_by_expert_panel,3,"Hereditary cancer-predisposing syndrome|Breast-ovarian cancer, familial, susceptibility to, 5|not provided|Familial cancer of breast|PALB2-related cancer predisposition",241571,clinvar_2026-06-27,clinvar,resolved,2026-08-13T23:43:40Z
ga4gh:VA.Yp4v0wk188Clx1nEjlORK3A2nMjQDixB,rs878855123,16,23641151,C,G,GRCh38,uncertain_significance,Uncertain_significance,"criteria_provided,_single_submitter",1,Familial cancer of breast,410170,clinvar_2026-06-27,clinvar,resolved,2026-08-13T23:43:40Z
ga4gh:VA.I5JkMZnymp93_UmkDNfQKivZ_73iSxtj,rs878855123,16,23641151,C,T,GRCh38,conflicting,Conflicting_classifications_of_pathogenicity,"criteria_provided,_conflicting_classifications",1,Familial cancer of breast|Hereditary cancer-predisposing syndrome,480296,clinvar_2026-06-27,clinvar,resolved,2026-08-13T23:43:40Z
