rsid,pmid
rs118203998,17200668
rs118203998,17200671
rs118203998,19264984
rs515726117,17200668
rs515726117,17200671
rs515726117,21365267
rs180177136,17200671
rs180177136,17576681
rs180177136,19264984
rs876659859,17576681
rs876659859,25741868
rs876659859,26467025
rs180177132,17200668
rs180177132,18302019
rs180177132,19264984
rs587776418,17200668
rs587776418,17200671
rs587776418,17200672
rs180177115,21285249
rs180177115,25741868
rs180177115,26467025
rs587776415,17200668
rs587776415,17200671
rs587776415,17200672
rs180177102,17200668
rs180177102,17200671
rs180177102,17200672
rs1555461597,17200668
rs1555461597,17200671
rs1555461597,17200672
rs1327399690,17200668
rs1327399690,17200671
rs1327399690,17200672
rs1567222725,17200668
rs1567222725,17200671
rs1567222725,17200672
rs1555461765,17200668
rs1555461765,17200671
rs1555461765,17200672
rs878855123,17200668
rs878855123,17200671
rs878855123,17200672
