rsid,chrom,start,ref,alts,genotype,weight,state,conclusion,negatives,priority,gene,phenotype,category,clinvar,pathogenic,benign,curator,method,direction,stat_significance,effect_size,effect_measure,effect_allele,flags,trait_efo_id,clin_sig,requires_callable,acmg_sf,actionability,callable_from,quality_from,min_quality
rs118203998,,,,,G/T,,risk,"ClinVar: pathogenic (3★) — Fanconi anemia complementation group N|Pancreatic cancer, susceptibility to, 3|Breast-ovarian cancer, familial, susceptibility to, 5|Hereditary cancer-predisposing syndrome|PALB2-related cancer predisposition|PALB2-related disorder|Familial cancer of breast|not provided|Hereditary breast ovarian cancer syndrome|Breast-ovarian cancer, familial, susceptibility to, 1",,,PALB2,"Fanconi anemia complementation group N|Pancreatic cancer, susceptibility to, 3|Breast-ovarian cancer, familial, susceptibility to, 5|Hereditary cancer-predisposing syndrome|PALB2-related cancer predisposition|PALB2-related disorder|Familial cancer of breast|not provided|Hereditary breast ovarian cancer syndrome|Breast-ovarian cancer, familial, susceptibility to, 1",,true,true,,,,,,,,,,,pathogenic,,,,,,
rs515726117,,,,,A/AC,,risk,"ClinVar: likely_pathogenic (3★) — PALB2-related cancer predisposition|Breast-ovarian cancer, familial, susceptibility to, 5|Breast and/or ovarian cancer|Hereditary cancer-predisposing syndrome|not provided|Hereditary breast ovarian cancer syndrome|Familial cancer of breast|Malignant tumor of breast",,,PALB2,"PALB2-related cancer predisposition|Breast-ovarian cancer, familial, susceptibility to, 5|Breast and/or ovarian cancer|Hereditary cancer-predisposing syndrome|not provided|Hereditary breast ovarian cancer syndrome|Familial cancer of breast|Malignant tumor of breast",,true,true,,,,,,,,,,,likely_pathogenic,,,,,,
rs180177136,,,,,C/T,,risk,"ClinVar: likely_pathogenic (3★) — PALB2-related cancer predisposition|Breast-ovarian cancer, familial, susceptibility to, 5|PALB2-related disorder|Hereditary cancer-predisposing syndrome|not provided|Familial cancer of breast|Malignant tumor of breast",,,PALB2,"PALB2-related cancer predisposition|Breast-ovarian cancer, familial, susceptibility to, 5|PALB2-related disorder|Hereditary cancer-predisposing syndrome|not provided|Familial cancer of breast|Malignant tumor of breast",,true,true,,,,,,,,,,,likely_pathogenic,,,,,,
rs876659859,,,,,C/T,,risk,"ClinVar: pathogenic (3★) — Breast-ovarian cancer, familial, susceptibility to, 5|PALB2-related cancer predisposition|not provided|not specified|Hereditary breast ovarian cancer syndrome|Hereditary cancer-predisposing syndrome|Familial cancer of breast",,,PALB2,"Breast-ovarian cancer, familial, susceptibility to, 5|PALB2-related cancer predisposition|not provided|not specified|Hereditary breast ovarian cancer syndrome|Hereditary cancer-predisposing syndrome|Familial cancer of breast",,true,true,,,,,,,,,,,pathogenic,,,,,,
rs180177132,,,,,C/T,,risk,"ClinVar: pathogenic (3★) — PALB2-related cancer predisposition|Breast-ovarian cancer, familial, susceptibility to, 5|Malignant tumor of breast|Pancreatic cancer, susceptibility to, 3|Fanconi anemia complementation group N|PALB2-related disorder|Hereditary cancer-predisposing syndrome|autosomal dominant PALB2-related cancer predisposition|Inherited ovarian cancer (without breast cancer)|Inherited breast cancer and ovarian cancer|NICE approved PARP inhibitor treatment|Breast and/or ovarian cancer|Familial cancer of breast|not provided|Hereditary breast ovarian cancer syndrome",,,PALB2,"PALB2-related cancer predisposition|Breast-ovarian cancer, familial, susceptibility to, 5|Malignant tumor of breast|Pancreatic cancer, susceptibility to, 3|Fanconi anemia complementation group N|PALB2-related disorder|Hereditary cancer-predisposing syndrome|autosomal dominant PALB2-related cancer predisposition|Inherited ovarian cancer (without breast cancer)|Inherited breast cancer and ovarian cancer|NICE approved PARP inhibitor treatment|Breast and/or ovarian cancer|Familial cancer of breast|not provided|Hereditary breast ovarian cancer syndrome",,true,true,,,,,,,,,,,pathogenic,,,,,,
rs587776418,,,,,T/TTA,,risk,ClinVar: pathogenic (3★) — Familial cancer of breast|Hereditary cancer-predisposing syndrome|PALB2-related cancer predisposition,,,PALB2,Familial cancer of breast|Hereditary cancer-predisposing syndrome|PALB2-related cancer predisposition,,true,true,,,,,,,,,,,pathogenic,,,,,,
rs180177115,,,,,A/G,,risk,"ClinVar: likely_pathogenic (3★) — PALB2-related cancer predisposition|Breast-ovarian cancer, familial, susceptibility to, 5|Familial cancer of breast|Hereditary cancer-predisposing syndrome|not provided",,,PALB2,"PALB2-related cancer predisposition|Breast-ovarian cancer, familial, susceptibility to, 5|Familial cancer of breast|Hereditary cancer-predisposing syndrome|not provided",,true,true,,,,,,,,,,,likely_pathogenic,,,,,,
rs786203382,,,,,AGGAAGCTCTGC/TCTGA,,risk,ClinVar: pathogenic (3★) — PALB2-related cancer predisposition|Hereditary cancer-predisposing syndrome,,,PALB2,PALB2-related cancer predisposition|Hereditary cancer-predisposing syndrome,,true,true,,,,,,,,,,,pathogenic,,,,,,
rs587776415,,,,,A/G,,risk,"ClinVar: likely_pathogenic (3★) — not provided|Breast-ovarian cancer, familial, susceptibility to, 5|PALB2-related cancer predisposition|Hereditary cancer-predisposing syndrome|Hereditary breast ovarian cancer syndrome|Familial cancer of breast",,,PALB2,"not provided|Breast-ovarian cancer, familial, susceptibility to, 5|PALB2-related cancer predisposition|Hereditary cancer-predisposing syndrome|Hereditary breast ovarian cancer syndrome|Familial cancer of breast",,true,true,,,,,,,,,,,likely_pathogenic,,,,,,
rs180177102,,,,,C/CA,,risk,"ClinVar: pathogenic (3★) — Breast-ovarian cancer, familial, susceptibility to, 5|PALB2-related cancer predisposition|Familial pancreatic carcinoma|Hereditary cancer-predisposing syndrome|not provided|Hereditary breast ovarian cancer syndrome|Familial cancer of breast",,,PALB2,"Breast-ovarian cancer, familial, susceptibility to, 5|PALB2-related cancer predisposition|Familial pancreatic carcinoma|Hereditary cancer-predisposing syndrome|not provided|Hereditary breast ovarian cancer syndrome|Familial cancer of breast",,true,true,,,,,,,,,,,pathogenic,,,,,,
rs1555461597,,,,,G/GT,,risk,ClinVar: pathogenic (3★) — Familial cancer of breast|PALB2-related cancer predisposition|Hereditary cancer-predisposing syndrome|PALB2-related disorder|not provided,,,PALB2,Familial cancer of breast|PALB2-related cancer predisposition|Hereditary cancer-predisposing syndrome|PALB2-related disorder|not provided,,true,true,,,,,,,,,,,pathogenic,,,,,,
rs1327399690,,,,,A/G,,risk,"ClinVar: pathogenic (3★) — Familial cancer of breast|PALB2-related cancer predisposition|Hereditary breast ovarian cancer syndrome|Breast-ovarian cancer, familial, susceptibility to, 5|Hereditary cancer-predisposing syndrome",,,PALB2,"Familial cancer of breast|PALB2-related cancer predisposition|Hereditary breast ovarian cancer syndrome|Breast-ovarian cancer, familial, susceptibility to, 5|Hereditary cancer-predisposing syndrome",,true,true,,,,,,,,,,,pathogenic,,,,,,
rs1567222725,,,,,T/TC,,risk,ClinVar: pathogenic (3★) — PALB2-related cancer predisposition|Hereditary cancer-predisposing syndrome|Familial cancer of breast,,,PALB2,PALB2-related cancer predisposition|Hereditary cancer-predisposing syndrome|Familial cancer of breast,,true,true,,,,,,,,,,,pathogenic,,,,,,
rs1555461765,,,,,C/CCAGA,,risk,ClinVar: pathogenic (3★) — Hereditary cancer-predisposing syndrome|Familial cancer of breast|Malignant tumor of breast|PALB2-related cancer predisposition,,,PALB2,Hereditary cancer-predisposing syndrome|Familial cancer of breast|Malignant tumor of breast|PALB2-related cancer predisposition,,true,true,,,,,,,,,,,pathogenic,,,,,,
rs1597101776,,,,,A/AG,,risk,ClinVar: likely_pathogenic (3★) — PALB2-related cancer predisposition|Hereditary cancer-predisposing syndrome,,,PALB2,PALB2-related cancer predisposition|Hereditary cancer-predisposing syndrome,,true,true,,,,,,,,,,,likely_pathogenic,,,,,,
rs878855123,,,,,A/C,,risk,"ClinVar: pathogenic (3★) — Hereditary cancer-predisposing syndrome|Breast-ovarian cancer, familial, susceptibility to, 5|not provided|Familial cancer of breast|PALB2-related cancer predisposition",,,PALB2,"Hereditary cancer-predisposing syndrome|Breast-ovarian cancer, familial, susceptibility to, 5|not provided|Familial cancer of breast|PALB2-related cancer predisposition",,true,true,,,,,,,,,,,pathogenic,,,,,,
