Summary Annotation ID	Genotype/Allele	Annotation Text	Allele Function
655386913	*1	Patients carrying the CYP2C19*1 allele in combination with a normal allele and cardiovascular disease who are treated with clopidogrel may have a decreased, but not absent, risk for bleeding events as compared to patients with two increased function alleles or the combination of a normal and increased function allele. However, conflicting evidence has been reported. Other genetic and clinical factors may also influence risk for bleeding events.	Normal function
655386913	*17	Patients carrying the CYP2C19*17 allele in combination with a normal or increased function allele and cardiovascular disease who are treated with clopidogrel may have an increased risk for bleeding events as compared to patients with two normal function alleles. However, conflicting evidence has been reported. Other genetic and clinical factors may also influence risk for bleeding events.	Increased function
1451356520	CC	Patients with the rs4149056 CC genotype may have a decreased response to simvastatin as compared to patients with the TT genotype. However, conflicting evidence has been reported. The effect size may be small. Other genetic and clinical factors may also influence response to simvastatin.	
1451356520	CT	Patients with the rs4149056 CT genotype may have a decreased response to simvastatin as compared to patients with the TT genotype. However, conflicting evidence has been reported. The effect size may be small. Other genetic and clinical factors may also influence response to simvastatin.	
1451356520	TT	Patients with the rs4149056 TT genotype may have an increased response to simvastatin as compared to patients with the CC or CT genotype. However, conflicting evidence has been reported. The effect size may be small. Other genetic and clinical factors may also influence response to simvastatin.	
655384011	CC	Patients with the rs4149056 CC genotype may have a higher risk of simvastatin-related myopathy when treated with simvastatin as compared to patients with the TT genotype. However, conflicting evidence has been reported. Other genetic and clinical factors may also influence risk of toxicity to simvastatin.	
655384011	CT	Patients with the rs4149056 CT genotype may have a higher risk of simvastatin-related myopathy when treated with simvastatin as compared to patients with the TT genotype. However, conflicting evidence has been reported. Other genetic and clinical factors may also influence risk of toxicity to simvastatin.	
655384011	TT	Patients with the rs4149056 TT genotype may have a lower risk of simvastatin-related myopathy when treated with simvastatin as compared to patients with the CT or CC genotype. However, conflicting evidence has been reported. Other genetic and clinical factors may also influence risk of toxicity to simvastatin.	
1449556772	CC	Patients with the rs4149056 CC genotype may have increased serum concentrations of simvastatin acid as compared to patients with the CT or TT genotypes. This annotation only covers the pharmacokinetic relationship between rs4149056 and simvastatin acid and does not include evidence about clinical outcomes. Other genetic and clinical factors may also affect serum concentrations of simvastatin acid.	
1449556772	CT	Patients with the rs4149056 CT genotype may have increased serum concentrations of simvastatin acid as compared to patients with the TT genotype, but decreased concentrations as compared to patients with the CC genotype. This annotation only covers the pharmacokinetic relationship between rs4149056 and simvastatin acid and does not include evidence about clinical outcomes. Other genetic and clinical factors may also affect serum concentrations of simvastatin acid.	
1449556772	TT	Patients with the rs4149056 TT genotype may have decreased serum concentrations of simvastatin acid as compared to patients with the CC or CT genotypes. This annotation only covers the pharmacokinetic relationship between rs4149056 and simvastatin acid and does not include evidence about clinical outcomes. Other genetic and clinical factors may also affect serum concentrations of simvastatin acid.	
