chrom,start,ref,alts,gene,reference_sequence,tissue,source_field,source_element,measure_kind,measure_min,measure_max,direction,clin_sig,phenotype,trait_efo_id,conclusion,unresolved
MT,3243,A,G,MT-TL1,NC_012920.1,blood,FORMAT/AF,annotated_alt,allele_fraction,0.0,0.1,neutral,,asymptomatic carriage,MONDO:0010789,"Below ~10% in blood: usually no attributable phenotype. Blood systematically under-represents the burden in post-mitotic tissue, so a low blood fraction does not exclude disease — measure urine or muscle before reassuring.",false
MT,3243,A,G,MT-TL1,NC_012920.1,blood,FORMAT/AF,annotated_alt,allele_fraction,0.1,0.3,risk,,MIDD spectrum,MONDO:0010789,"Roughly 10-30% in blood: maternally inherited diabetes and deafness is the usual presentation at this level.",false
MT,3243,A,G,MT-TL1,NC_012920.1,blood,FORMAT/AF,annotated_alt,allele_fraction,0.3,1.0,risk,pathogenic,MELAS spectrum,MONDO:0010789,"Above ~30% in blood: MELAS-spectrum features become increasingly likely. Level correlates with severity but does not determine it.",false
MT,3243,A,G,MT-TL1,NC_012920.1,blood,FORMAT/AF,annotated_alt,allele_fraction,,,,,,,"No heteroplasmy fraction was measured in blood. Withhold: an absent measurement is not a low one, and the reference bin is not the default.",true
MT,3243,A,G,MT-TL1,NC_012920.1,muscle,FORMAT/AF,annotated_alt,allele_fraction,0.0,0.4,neutral,,asymptomatic carriage,MONDO:0010789,"Below ~40% in muscle. The muscle threshold sits far higher than the blood one, which is why the same fraction means different things in the two tissues.",false
MT,3243,A,G,MT-TL1,NC_012920.1,muscle,FORMAT/AF,annotated_alt,allele_fraction,0.4,1.0,risk,pathogenic,MELAS spectrum,MONDO:0010789,"Above ~40% in muscle: MELAS-spectrum disease. Muscle reflects the burden in affected tissue far better than blood.",false
MT,3243,A,G,MT-TL1,NC_012920.1,muscle,FORMAT/AF,annotated_alt,allele_fraction,,,,,,,"No heteroplasmy fraction was measured in muscle.",true
MT,3271,T,C,MT-TL1,NC_012920.1,blood,FORMAT/AF,annotated_alt,allele_fraction,0.0,0.15,neutral,,asymptomatic carriage,MONDO:0010789,"Below ~15% in blood for m.3271T>C. A different variant in the same gene, with its own threshold — which is why these bins carry a variant identity.",false
MT,3271,T,C,MT-TL1,NC_012920.1,blood,FORMAT/AF,annotated_alt,allele_fraction,0.15,1.0,risk,pathogenic,MELAS spectrum,MONDO:0010789,"Above ~15% in blood for m.3271T>C: MELAS-spectrum features reported.",false
MT,3271,T,C,MT-TL1,NC_012920.1,blood,FORMAT/AF,annotated_alt,allele_fraction,,,,,,,"No heteroplasmy fraction was measured in blood for m.3271T>C.",true
