gene,allele,function_status
CYP2C19,*1,normal_function
CYP2C19,*10,decreased_function
CYP2C19,*11,normal_function
CYP2C19,*12,uncertain_function
CYP2C19,*13,normal_function
CYP2C19,*14,uncertain_function
CYP2C19,*15,normal_function
CYP2C19,*16,decreased_function
CYP2C19,*17,increased_function
CYP2C19,*18,normal_function
CYP2C19,*19,decreased_function
CYP2C19,*2,no_function
CYP2C19,*22,no_function
CYP2C19,*23,uncertain_function
CYP2C19,*24,no_function
CYP2C19,*25,decreased_function
CYP2C19,*26,decreased_function
CYP2C19,*28,normal_function
CYP2C19,*29,uncertain_function
CYP2C19,*3,no_function
CYP2C19,*30,uncertain_function
CYP2C19,*31,uncertain_function
CYP2C19,*32,uncertain_function
CYP2C19,*33,uncertain_function
CYP2C19,*34,uncertain_function
CYP2C19,*35,no_function
CYP2C19,*38,normal_function
CYP2C19,*39,uncertain_function
CYP2C19,*4,no_function
CYP2C19,*40,
CYP2C19,*41,
CYP2C19,*5,no_function
CYP2C19,*6,no_function
CYP2C19,*7,no_function
CYP2C19,*8,no_function
CYP2C19,*9,decreased_function
