rsid,chrom,start,ref,pmid
rs33926764,,,,29165669
rs34218908,,,,29165669
rs281864525,,,,29165669
rs33930977,,,,29165669
rs1847587392,,,,29165669
rs35395625,,,,29165669
rs33950507,,,,29165669
rs1847586938,,,,29165669
rs33917394,,,,29165669
rs1847518799,,,,29165669
rs33961444,,,,29165669
rs33915112,,,,29165669
rs34716011,,,,29165669
rs33972047,,,,29165669
rs33995148,,,,29165669
rs34980264,,,,29165669
rs63750320,,,,29165669
rs2494296091,,,,29165669
rs34809925,,,,29165669
rs34883338,,,,29165669
rs35456885,,,,29165669
rs35532010,,,,29165669
rs281864528,,,,29165669
rs281864497,,,,29165669
rs1847563072,,,,29165669
rs33966761,,,,29165669
rs1847553982,,,,29165669
rs63750532,,,,29165669
rs35020585,,,,29165669
rs34831847,,,,29165669
rs34083951,,,,29165669
rs11549407,,,,29165669
rs33946267,,,,29165669
rs33969677,,,,29165669
rs1564875331,,,,29165669
rs36015961,,,,29165669
rs1847555115,,,,29165669
rs1847579861,,,,29165669
rs1554917935,,,,29165669
rs34937014,,,,29165669
rs63750223,,,,29165669
rs34960334,,,,29165669
rs34948328,,,,29165669
rs35939489,,,,29165669
rs33915217,,,,29165669
rs1554917947,,,,29165669
rs33929459,,,,29165669
rs1554917831,,,,29165669
rs35699606,,,,29165669
rs34856846,,,,29165669
rs35424040,,,,29165669
rs35291591,,,,29165669
rs35117167,,,,29165669
rs33994806,,,,29165669
rs281864532,,,,29165669
rs35171933,,,,29165669
rs35755331,,,,29165669
rs1135071,,,,29165669
rs33971634,,,,29165669
rs34999973,,,,29165669
rs281864581,,,,29165669
rs33985544,,,,29165669
rs1847557540,,,,29165669
rs63749819,,,,29165669
rs281864519,,,,29165669
rs1847591425,,,,29165669
rs35485099,,,,29165669
rs33971048,,,,29165669
rs33924775,,,,29165669
rs33974936,,,,29165669
rs33981098,,,,29165669
rs1554918165,,,,29165669
rs34515413,,,,29165669
rs33943001,,,,29165669
rs36107977,,,,29165669
rs1847551520,,,,29165669
rs1847585652,,,,29165669
rs35383398,,,,29165669
rs281865477,,,,29165669
rs33918338,,,,29165669
rs63750475,,,,29165669
rs63751306,,,,29165669
rs2494296194,,,,29165669
rs1847561978,,,,29165669
rs35099082,,,,29165669
rs63750513,,,,29165669
rs1564874901,,,,29165669
rs33933298,,,,29165669
rs1847584946,,,,29165669
rs34527846,,,,29165669
rs63751201,,,,29165669
rs33917785,,,,29165669
rs1847534434,,,,29165669
rs35619054,,,,29165669
rs1847582194,,,,29165669
rs33948578,,,,29165669
rs35225141,,,,29165669
rs1847588699,,,,29165669
rs35353749,,,,29165669
rs33941377,,,,29165669
rs34160180,,,,29165669
rs267607297,,,,29165669
rs34363638,,,,29165669
rs33965000,,,,29165669
rs34135787,,,,29165669
rs35949130,,,,29165669
rs1847557422,,,,29165669
rs33982568,,,,29165669
rs34750035,,,,29165669
rs1847562491,,,,29165669
rs281864898,,,,29165669
rs33918343,,,,29165669
rs33985472,,,,29165669
rs35857380,,,,29165669
rs2133588176,,,,29165669
rs33931779,,,,29165669
rs33986703,,,,29165669
rs63750400,,,,29165669
rs34704828,,,,29165669
rs33916412,,,,29165669
rs80356821,,,,29165669
rs33980857,,,,29165669
rs63750283,,,,29165669
rs63750128,,,,29165669
rs1554918214,,,,29165669
rs36008922,,,,29165669
rs33910209,,,,29165669
rs33991993,,,,29165669
rs1847553585,,,,29165669
rs2494292030,,,,29165669
rs33960103,,,,29165669
rs2494297181,,,,29165669
rs41443947,,,,29165669
rs35699671,,,,29165669
rs63749977,,,,29165669
rs2494297176,,,,29165669
rs35685286,,,,29165669
rs33941844,,,,29165669
rs2133587981,,,,29165669
rs33940204,,,,29165669
rs33950993,,,,29165669
rs33991059,,,,29165669
rs33924146,,,,29165669
rs1847552371,,,,29165669
rs63751208,,,,29165669
rs35724775,,,,29165669
rs1847537515,,,,29165669
rs281864527,,,,29165669
rs281864899,,,,29165669
rs33971440,,,,29165669
rs267607291,,,,29165669
rs35693898,,,,29165669
rs34889882,,,,29165669
rs1847560717,,,,29165669
rs281864544,,,,29165669
rs33959855,,,,29165669
rs613985,,,,29165669
rs1589892417,,,,29165669
rs1847520793,,,,29165669
rs1554917888,,,,29165669
rs34533941,,,,29165669
rs33930165,,,,29165669
rs33993568,,,,29165669
rs63750928,,,,29165669
rs33979901,,,,29165669
rs1847552816,,,,29165669
rs1564874813,,,,29165669
rs1847588915,,,,29165669
rs1847561467,,,,29165669
rs281865474,,,,29165669
rs63750556,,,,29165669
rs35351128,,,,29165669
rs1847523960,,,,29165669
rs35328027,,,,29165669
rs1847560327,,,,29165669
rs2494295306,,,,29165669
rs33956879,,,,29165669
rs35619688,,,,29165669
rs33944208,,,,29165669
rs267607295,,,,29165669
rs2494291485,,,,29165669
rs63751218,,,,29165669
rs33951465,,,,29165669
rs2494292050,,,,29165669
rs1847557333,,,,29165669
rs33922842,,,,29165669
rs34165323,,,,29165669
rs34378160,,,,29165669
rs33917628,,,,29165669
rs33913712,,,,29165669
rs34305195,,,,29165669
rs34451549,,,,29165669
rs281864906,,,,29165669
rs33914668,,,,29165669
rs36029927,,,,29165669
rs1847585812,,,,29165669
rs34282684,,,,29165669
rs63750099,,,,29165669
rs1847565768,,,,29165669
rs33930702,,,,29165669
rs34466953,,,,29165669
rs1847556466,,,,29165669
rs35894115,,,,29165669
rs35067717,,,,29165669
rs33954632,,,,29165669
rs35849199,,,,29165669
rs33961459,,,,29165669
rs63749960,,,,29165669
rs1847589398,,,,29165669
rs33966487,,,,29165669
rs35371965,,,,29165669
rs2494292407,,,,29165669
rs1554917561,,,,29165669
rs63751128,,,,29165669
rs33941849,,,,29165669
rs281864531,,,,29165669
rs1847559573,,,,29165669
rs34563000,,,,29165669
rs1847554171,,,,29165669
rs281864901,,,,29165669
rs1847587286,,,,29165669
rs33950778,,,,29165669
rs34548294,,,,29165669
rs35497102,,,,29165669
rs33951978,,,,29165669
rs2133588679,,,,29165669
rs2494292446,,,,29165669
rs281864518,,,,29165669
rs33972593,,,,29165669
rs1847585864,,,,29165669
rs63751076,,,,29165669
rs1564875145,,,,29165669
rs1847587930,,,,29165669
rs35519485,,,,29165669
rs63750783,,,,29165669
rs35133315,,,,29165669
rs281864530,,,,29165669
rs63750504,,,,29165669
rs1847558511,,,,29165669
rs63750692,,,,29165669
rs34690599,,,,29165669
rs281865475,,,,29165669
rs193922552,,,,29165669
rs33969853,,,,29165669
rs35348864,,,,29165669
rs33978338,,,,29165669
rs33959340,,,,29165669
rs1564875128,,,,29165669
rs35890959,,,,29165669
rs267607293,,,,29165669
rs1141387,,,,29165669
rs33931746,,,,29165669
rs1554917970,,,,29165669
rs33987903,,,,29165669
rs193922563,,,,29165669
rs1847562189,,,,29165669
rs1847592435,,,,29165669
rs35165357,,,,29165669
rs63749957,,,,29165669
rs1847553498,,,,29165669
rs334,,,,29165669
rs33922873,,,,29165669
rs63750774,,,,29165669
rs33954264,,,,29165669
rs1847553344,,,,29165669
rs33978907,,,,29165669
rs1554918032,,,,29165669
rs1420779550,,,,29165669
rs35256489,,,,29165669
rs33952266,,,,29165669
rs370075492,,,,29165669
rs33927093,,,,29165669
rs193922555,,,,29165669
rs281864520,,,,29165669
rs33913413,,,,29165669
rs193922553,,,,29165669
rs33953406,,,,29165669
rs35002698,,,,29165669
rs35209591,,,,29165669
rs63750205,,,,29165669
rs1847527770,,,,29165669
rs33949869,,,,29165669
rs2494296171,,,,29165669
rs35662066,,,,29165669
rs34502690,,,,29165669
rs34598529,,,,29165669
rs750606223,,,,29165669
rs34171453,,,,29165669
rs35684407,,,,29165669
rs33910569,,,,29165669
rs33937393,,,,29165669
rs35477349,,,,29165669
rs35004220,,,,29165669
rs34945623,,,,29165669
rs80356820,,,,29165669
rs33945777,,,,29165669
rs33954595,,,,29165669
rs33969400,,,,29165669
rs1847587799,,,,29165669
rs35703285,,,,29165669
rs34477959,,,,29165669
,11,5226931,TGCCCAGG,29165669
,11,5226985,T,29165669
,11,5225714,CG,29165669
,11,5226966,AC,29165669
,11,5226689,ACTTT,29165669
,11,5225715,G,29165669
,11,5225733,GAGGAA,29165669
,11,5226765,A,29165669
,11,5225710,AG,29165669
,11,5226575,A,29165669
,11,5226602,A,29165669
,11,5225693,GG,29165669
,11,5225715,G,29165669
,11,5226762,C,29165669
,11,5225695,GC,29165669
,11,5226672,CA,29165669
,11,5226610,ACAGTGCAGCTCACT,29165669
,11,5226930,C,29165669
,11,5225678,C,29165669
,11,5226616,CA,29165669
,11,5226940,C,29165669
,11,5226786,A,29165669
,11,5227000,CCT,29165669
,11,5226675,TAAAGGCACCGA,29165669
,11,5226732,C,29165669
,11,5226598,G,29165669
,11,5226576,C,29165669
