rsid,gene,genotype,drug,phenotype_category,annotation_id,evidence_level,conclusion,requires_callable
rs9923231,VKORC1,C/C,warfarin,toxicity,1447673005,1B,"Patients with the rs9923231 CC genotype may have decreased risk of over-anticoagulation when treated with warfarin as compared with patients with genotype TT or CT. However, conflicting evidence has been reported. Other genetic and clinical factors may also influence the toxicity to warfarin.",true
rs9923231,VKORC1,C/T,warfarin,toxicity,1447673005,1B,"Patients with the rs9923231 CT genotype may have increased risk of over-anticoagulation when treated with warfarin as compared with patients with genotype CC. However, conflicting evidence has been reported. Other genetic and clinical factors may also influence the toxicity to warfarin.",false
rs9923231,VKORC1,T/T,warfarin,toxicity,1447673005,1B,"Patients with the rs9923231 TT genotype may have increased risk of over-anticoagulation when treated with warfarin as compared with patients with genotype CC. However, conflicting evidence has been reported. Other genetic and clinical factors may also influence the toxicity to warfarin.",false
rs7294,VKORC1,C/C,warfarin,dosage,655384733,1B,"Patients with the rs7294 CC genotype may require a lower dose of warfarin as compared to patients with the CT or TT genotype. However, conflicting evidence has been reported. Other genetic and clinical factors may also affect warfarin dose requirements.",
rs7294,VKORC1,C/T,warfarin,dosage,655384733,1B,"Patients with the rs7294 CT genotype may require a higher dose of warfarin as compared to patients with the CC genotype. However, conflicting evidence has been reported. Other genetic and clinical factors may also affect warfarin dose requirements.",
rs7294,VKORC1,T/T,warfarin,dosage,655384733,1B,"Patients with the rs7294 TT genotype may require a higher dose as compared to patients with the CC genotype. However, conflicting evidence has been reported. Other genetic and clinical factors may also affect warfarin dose requirements.",
rs9923231,VKORC1,C/C,warfarin,dosage,655385012,1A,Patients with the rs9923231 CC genotype may require an increased dose of warfarin as compared to patients with the CT or TT genotype. Other genetic and clinical factors may also influence warfarin dose requirement.,true
rs9923231,VKORC1,C/T,warfarin,dosage,655385012,1A,Patients with the rs9923231 CT genotype may require a decreased dose of warfarin as compared to patients with the CC genotype or an increased dose as compared to patients with the TT genotype. Other genetic and clinical factors may also influence warfarin dose requirement.,false
rs9923231,VKORC1,T/T,warfarin,dosage,655385012,1A,Patients with the rs9923231 TT genotype may require a decreased dose of warfarin as compared to patients with the CC or CT genotype. Other genetic and clinical factors may also influence warfarin dose requirement.,false
rs2359612,VKORC1,A/A,warfarin,dosage,655385024,1B,Patients with the rs2359612 AA genotype may require a decreased dose of warfarin as compared to patients with the GG genotype. Other genetic and clinical factors may also influence dose of warfarin.,
rs2359612,VKORC1,A/G,warfarin,dosage,655385024,1B,Patients with the rs2359612 AG genotype may require a decreased dose of warfarin as compared to patients with the GG genotype. Other genetic and clinical factors may also influence dose of warfarin.,
rs2359612,VKORC1,G/G,warfarin,dosage,655385024,1B,Patients with the rs2359612 GG genotype may require an increased dose of warfarin as compared to patients with the AG or AA genotype. Other genetic and clinical factors may also influence dose of warfarin.,
rs8050894,VKORC1,C/C,warfarin,dosage,655385028,1B,Patients with the rs8050894 CC genotype may require a higher dose of warfarin as compared to patients with the CG or GG genotype. Other genetic and clinical factors may also influence warfarin dosage requirements.,
rs8050894,VKORC1,C/G,warfarin,dosage,655385028,1B,Patients with the rs8050894 CG genotype may require a lower dose of warfarin as compared to patients with the CC genotype. Other genetic and clinical factors may also influence warfarin dosage requirements.,
rs8050894,VKORC1,G/G,warfarin,dosage,655385028,1B,Patients with the rs8050894 GG genotype may require a lower dose of warfarin as compared to patients with the CC genotype. Other genetic and clinical factors may also influence warfarin dosage requirements.,
rs9934438,VKORC1,A/A,warfarin,dosage,655385392,1B,"Patients with the rs9934438 AA genotype may require a lower dose of warfarin as compared to patients with the AG or GG genotype. However, conflicting evidence has been reported. Other genetic and clinical factors may also influence warfarin dose requirements.",
rs9934438,VKORC1,A/G,warfarin,dosage,655385392,1B,"Patients with the rs9934438 AG genotype may require a lower dose of warfarin as compared to patients with the GG genotype, and a higher dose as compared to patients with the AA genotype. However, conflicting evidence has been reported. Other clinical and genetic factors may also influence warfarin dose requirements.",
rs9934438,VKORC1,G/G,warfarin,dosage,655385392,1B,"Patients with the rs9934438 GG genotype may require higher dose of warfarin as compared to patients with the AG or AA genotype. However, conflicting evidence has been reported. Other genetic and clinical factors may also influence warfarin dose requirements.",
rs2108622,CYP4F2,C/C,warfarin,dosage,655385400,1A,"Patients with the rs2108622 CC genotype may have decreased warfarin dosage requirements as compared to patients with the CT or TT genotype. However, conflicting evidence has been reported. Other genetic and clinical factors may also affect warfarin dosage requirements.",true
rs2108622,CYP4F2,C/T,warfarin,dosage,655385400,1A,"Patients with the rs2108622 CT genotype may have increased warfarin dosage requirements as compared to patients with the CC genotype. However, conflicting evidence has been reported. Other genetic and clinical factors may also affect warfarin dosage requirements.",false
rs2108622,CYP4F2,T/T,warfarin,dosage,655385400,1A,"Patients with the rs2108622 TT genotype may have increased warfarin dosage requirements as compared to patients with the CC or CT genotype. However, conflicting evidence has been reported. Other genetic and clinical factors may also affect warfarin dosage requirements.",false
rs12777823,,A/A,warfarin,dosage,982030369,1A,Patients with the rs12777823 AA genotype may require a lower dose of warfarin in African Americans as compared to patients with the GG genotype. Other genetic and clinical factors may also influence warfarin dosage.,false
rs12777823,,A/G,warfarin,dosage,982030369,1A,Patients with the rs12777823 AG genotype may require a lower dose of warfarin in African Americans as compared to patients with the GG genotype. Other genetic and clinical factors may also influence warfarin dosage.,false
rs12777823,,G/G,warfarin,dosage,982030369,1A,Patients with the rs12777823 GG genotype may require a higher dose of warfarin in African Americans as compared to patients with the AA or AG genotype. Other genetic and clinical factors may also influence warfarin dosage.,true
