gene	gene_id	transcript	canonical	mane_select	lof_hc_lc.obs	lof_hc_lc.exp	lof_hc_lc.possible	lof_hc_lc.oe	lof_hc_lc.mu	lof_hc_lc.pLI	lof_hc_lc.pNull	lof_hc_lc.pRec	lof.obs	lof.exp	lof.possible	lof.oe	lof.mu	lof.pLI	lof.pNull	lof.pRec	lof.oe_ci.lower	lof.oe_ci.upper	lof.oe_ci.upper_rank	lof.oe_ci.upper_bin_decile	lof.z_raw	lof.z_score	mis.obs	mis.exp	mis.possible	mis.oe	mis.mu	mis.oe_ci.lower	mis.oe_ci.upper	mis.z_raw	mis.z_score	mis_pphen.obs	mis_pphen.exp	mis_pphen.possible	mis_pphen.oe	syn.obs	syn.exp	syn.possible	syn.oe	syn.mu	syn.oe_ci.lower	syn.oe_ci.upper	syn.z_raw	syn.z_score	constraint_flags	level	transcript_type	chromosome	cds_length	num_coding_exons
A1BG	1	NM_130786.4	true	true	45	4.3048e+01	193	1.0454e+00	7.0633e-07	1.6256e-16	8.4915e-01	1.5085e-01	45	4.3048e+01	193	1.0454e+00	7.0633e-07	1.7706e-16	8.4295e-01	1.5705e-01	8.2200e-01	1.3400e+00	NA	NA	-2.9756e-01	-2.5212e-01	707	6.4703e+02	2870	1.0927e+00	7.6657e-06	1.0260e+00	1.1630e+00	-2.3574e+00	-8.6092e-01	220	1.9060e+02	890	1.1543e+00	316	2.9594e+02	994	1.0678e+00	3.0216e-06	9.7300e-01	1.1720e+00	-1.1660e+00	-6.3549e-01	[]	NA	NA	NA	NA	NA
A1BG	ENSG00000121410	ENST00000263100	true	true	45	4.3048e+01	193	1.0454e+00	7.0633e-07	1.6256e-16	8.4915e-01	1.5085e-01	45	4.3048e+01	193	1.0454e+00	7.0633e-07	1.7706e-16	8.4295e-01	1.5705e-01	8.2200e-01	1.3400e+00	14057	7	-2.9756e-01	-2.5212e-01	707	6.4703e+02	2870	1.0927e+00	7.6657e-06	1.0260e+00	1.1630e+00	-2.3574e+00	-8.6092e-01	220	1.9060e+02	890	1.1543e+00	316	2.9594e+02	994	1.0678e+00	3.0216e-06	9.7300e-01	1.1720e+00	-1.1660e+00	-6.3549e-01	[]	2	protein_coding	chr19	1485	8
A1BG	ENSG00000121410	ENST00000600966	false	false	24	2.6268e+01	123	9.1365e-01	4.1979e-07	2.5306e-08	3.4303e-01	6.5697e-01	22	2.5006e+01	119	8.7979e-01	3.9582e-07	1.8365e-07	2.6452e-01	7.3548e-01	6.2800e-01	1.2560e+00	NA	NA	6.0114e-01	5.0934e-01	399	4.0552e+02	1858	9.8393e-01	4.9120e-06	9.0600e-01	1.0690e+00	3.2367e-01	1.1820e-01	103	1.0958e+02	512	9.3995e-01	166	1.7890e+02	637	9.2791e-01	1.9057e-06	8.1700e-01	1.0550e+00	9.6425e-01	5.2556e-01	[]	1	protein_coding	chr19	917	5
A1CF	29974	NM_001198818.2	false	false	45	6.9962e+01	352	6.4320e-01	9.5471e-07	7.3172e-10	2.0560e-03	9.9794e-01	45	6.9962e+01	352	6.4320e-01	9.5471e-07	7.6560e-10	1.9606e-03	9.9804e-01	5.0600e-01	8.2500e-01	NA	NA	2.9844e+00	2.5286e+00	653	7.4551e+02	3720	8.7591e-01	4.3783e-06	8.2100e-01	9.3400e-01	3.3881e+00	1.2373e+00	236	2.7671e+02	1399	8.5287e-01	272	2.7254e+02	1157	9.9802e-01	2.0076e-06	9.0300e-01	1.1030e+00	3.2727e-02	1.7838e-02	[]	NA	NA	NA	NA	NA
A1CF	29974	NM_001198819.2	false	false	48	7.2811e+01	367	6.5924e-01	1.0176e-06	7.6383e-11	2.5273e-03	9.9747e-01	47	7.0281e+01	355	6.6874e-01	9.7219e-07	7.7044e-11	3.5757e-03	9.9642e-01	5.2800e-01	8.5300e-01	NA	NA	2.7771e+00	2.3530e+00	670	7.6177e+02	3837	8.7953e-01	4.4314e-06	8.2500e-01	9.3800e-01	3.3250e+00	1.2143e+00	309	3.6475e+02	1841	8.4715e-01	271	2.7598e+02	1188	9.8194e-01	1.9095e-06	8.8800e-01	1.0860e+00	3.0003e-01	1.6353e-01	[]	NA	NA	NA	NA	NA
A1CF	29974	NM_001198820.2	false	false	50	7.2413e+01	364	6.9049e-01	1.0057e-06	5.3650e-12	5.6829e-03	9.9432e-01	49	6.9883e+01	352	7.0118e-01	9.6035e-07	5.4044e-12	8.0296e-03	9.9197e-01	5.5700e-01	8.9000e-01	NA	NA	2.4981e+00	2.1166e+00	661	7.5077e+02	3782	8.8043e-01	4.5427e-06	8.2500e-01	9.3900e-01	3.2763e+00	1.1965e+00	148	1.6842e+02	867	8.7876e-01	266	2.7247e+02	1172	9.7624e-01	1.9095e-06	8.8200e-01	1.0810e+00	3.9217e-01	2.1375e-01	[]	NA	NA	NA	NA	NA
A1CF	29974	NM_001370130.1	false	false	45	6.9962e+01	352	6.4320e-01	9.5471e-07	7.3172e-10	2.0560e-03	9.9794e-01	45	6.9962e+01	352	6.4320e-01	9.5471e-07	7.6560e-10	1.9606e-03	9.9804e-01	5.0600e-01	8.2500e-01	NA	NA	2.9844e+00	2.5286e+00	653	7.4551e+02	3720	8.7591e-01	4.3783e-06	8.2100e-01	9.3400e-01	3.3881e+00	1.2373e+00	236	2.7671e+02	1399	8.5287e-01	272	2.7254e+02	1157	9.9802e-01	2.0076e-06	9.0300e-01	1.1030e+00	3.2727e-02	1.7838e-02	[]	NA	NA	NA	NA	NA
A1CF	29974	NM_001370131.1	false	false	43	7.0361e+01	355	6.1113e-01	9.6655e-07	1.0397e-08	9.1250e-04	9.9909e-01	43	7.0361e+01	355	6.1113e-01	9.6655e-07	1.0877e-08	8.7011e-04	9.9913e-01	4.7800e-01	7.8800e-01	NA	NA	3.2619e+00	2.7637e+00	662	7.5651e+02	3775	8.7507e-01	4.9017e-06	8.2000e-01	9.3300e-01	3.4360e+00	1.2548e+00	125	1.5351e+02	799	8.1427e-01	277	2.7605e+02	1173	1.0034e+00	2.0076e-06	9.0900e-01	1.1080e+00	-5.7106e-02	-3.1125e-02	[]	NA	NA	NA	NA	NA
A1CF	29974	NM_014576.4	true	true	45	6.9962e+01	352	6.4320e-01	9.5471e-07	7.3172e-10	2.0560e-03	9.9794e-01	45	6.9962e+01	352	6.4320e-01	9.5471e-07	7.6560e-10	1.9606e-03	9.9804e-01	5.0600e-01	8.2500e-01	NA	NA	2.9844e+00	2.5286e+00	653	7.4551e+02	3720	8.7591e-01	4.3783e-06	8.2100e-01	9.3400e-01	3.3881e+00	1.2373e+00	236	2.7671e+02	1399	8.5287e-01	272	2.7254e+02	1157	9.9802e-01	2.0076e-06	9.0300e-01	1.1030e+00	3.2727e-02	1.7838e-02	[]	NA	NA	NA	NA	NA
A1CF	29974	NM_138932.3	false	false	43	7.0361e+01	355	6.1113e-01	9.6655e-07	1.0397e-08	9.1250e-04	9.9909e-01	43	7.0361e+01	355	6.1113e-01	9.6655e-07	1.0877e-08	8.7011e-04	9.9913e-01	4.7800e-01	7.8800e-01	NA	NA	3.2619e+00	2.7637e+00	662	7.5651e+02	3775	8.7507e-01	4.9017e-06	8.2000e-01	9.3300e-01	3.4360e+00	1.2548e+00	125	1.5351e+02	799	8.1427e-01	277	2.7605e+02	1173	1.0034e+00	2.0076e-06	9.0900e-01	1.1080e+00	-5.7106e-02	-3.1125e-02	[]	NA	NA	NA	NA	NA
A1CF	29974	NM_138933.3	false	false	50	7.2413e+01	364	6.9049e-01	1.0057e-06	5.3650e-12	5.6829e-03	9.9432e-01	49	6.9883e+01	352	7.0118e-01	9.6035e-07	5.4044e-12	8.0296e-03	9.9197e-01	5.5700e-01	8.9000e-01	NA	NA	2.4981e+00	2.1166e+00	661	7.5077e+02	3782	8.8043e-01	4.5427e-06	8.2500e-01	9.3900e-01	3.2763e+00	1.1965e+00	148	1.6842e+02	867	8.7876e-01	266	2.7247e+02	1172	9.7624e-01	1.9095e-06	8.8200e-01	1.0810e+00	3.9217e-01	2.1375e-01	[]	NA	NA	NA	NA	NA
A1CF	29974	XM_005269718.2	false	false	43	7.0361e+01	355	6.1113e-01	9.6655e-07	1.0397e-08	9.1250e-04	9.9909e-01	43	7.0361e+01	355	6.1113e-01	9.6655e-07	1.0877e-08	8.7011e-04	9.9913e-01	4.7800e-01	7.8800e-01	NA	NA	3.2619e+00	2.7637e+00	662	7.5651e+02	3775	8.7507e-01	4.9017e-06	8.2000e-01	9.3300e-01	3.4360e+00	1.2548e+00	125	1.5351e+02	799	8.1427e-01	277	2.7605e+02	1173	1.0034e+00	2.0076e-06	9.0900e-01	1.1080e+00	-5.7106e-02	-3.1125e-02	[]	NA	NA	NA	NA	NA
A1CF	29974	XM_011539729.3	false	false	48	7.1369e+01	361	6.7256e-01	9.9115e-07	3.7143e-11	3.8568e-03	9.9614e-01	47	7.0281e+01	355	6.6874e-01	9.7219e-07	7.7044e-11	3.5757e-03	9.9642e-01	5.2800e-01	8.5300e-01	NA	NA	2.7771e+00	2.3530e+00	670	7.6177e+02	3837	8.7953e-01	4.4314e-06	8.2500e-01	9.3800e-01	3.3250e+00	1.2143e+00	309	3.6475e+02	1841	8.4715e-01	271	2.7598e+02	1188	9.8194e-01	1.9095e-06	8.8800e-01	1.0860e+00	3.0003e-01	1.6353e-01	[]	NA	NA	NA	NA	NA
A1CF	29974	XM_011539730.2	false	false	44	6.8210e+01	342	6.4507e-01	1.0145e-06	1.0405e-09	2.4289e-03	9.9757e-01	43	6.5680e+01	330	6.5469e-01	9.6910e-07	1.0496e-09	3.4366e-03	9.9656e-01	5.1200e-01	8.4400e-01	NA	NA	2.7985e+00	2.3711e+00	619	7.0224e+02	3507	8.8146e-01	2.1629e-06	8.2400e-01	9.4200e-01	3.1412e+00	1.1472e+00	NA	NA	NA	NA	247	2.5681e+02	1100	9.6182e-01	1.9095e-06	8.6600e-01	1.0690e+00	6.1185e-01	3.3349e-01	[]	NA	NA	NA	NA	NA
A1CF	29974	XM_024447966.1	false	false	39	6.1716e+01	308	6.3193e-01	9.9862e-07	1.8784e-08	2.8739e-03	9.9713e-01	36	5.8193e+01	290	6.1863e-01	9.3629e-07	1.3448e-07	2.7165e-03	9.9728e-01	4.7300e-01	8.1700e-01	NA	NA	2.9093e+00	2.4650e+00	562	6.4495e+02	3237	8.7139e-01	2.0315e-06	8.1200e-01	9.3400e-01	3.2661e+00	1.1928e+00	NA	NA	NA	NA	238	2.3782e+02	1014	1.0007e+00	1.8997e-06	8.9900e-01	1.1140e+00	-1.1465e-02	-6.2486e-03	[]	NA	NA	NA	NA	NA
A1CF	ENSG00000148584	ENST00000282641	false	false	45	6.9962e+01	352	6.4320e-01	9.5471e-07	7.3172e-10	2.0560e-03	9.9794e-01	45	6.9962e+01	352	6.4320e-01	9.5471e-07	7.6560e-10	1.9606e-03	9.9804e-01	5.0600e-01	8.2500e-01	NA	NA	2.9844e+00	2.5286e+00	653	7.4551e+02	3720	8.7591e-01	4.3783e-06	8.2100e-01	9.3400e-01	3.3881e+00	1.2373e+00	236	2.7671e+02	1399	8.5287e-01	272	2.7254e+02	1157	9.9802e-01	2.0076e-06	9.0300e-01	1.1030e+00	3.2727e-02	1.7838e-02	[]	3	protein_coding	chr10	1758	11
A1CF	ENSG00000148584	ENST00000373993	false	false	43	7.0361e+01	355	6.1113e-01	9.6655e-07	1.0397e-08	9.1250e-04	9.9909e-01	43	7.0361e+01	355	6.1113e-01	9.6655e-07	1.0877e-08	8.7011e-04	9.9913e-01	4.7800e-01	7.8800e-01	NA	NA	3.2619e+00	2.7637e+00	662	7.5651e+02	3775	8.7507e-01	4.9017e-06	8.2000e-01	9.3300e-01	3.4360e+00	1.2548e+00	125	1.5351e+02	799	8.1427e-01	277	2.7605e+02	1173	1.0034e+00	2.0076e-06	9.0900e-01	1.1080e+00	-5.7106e-02	-3.1125e-02	[]	2	protein_coding	chr10	1782	11
A1CF	ENSG00000148584	ENST00000373995	false	false	50	7.2413e+01	364	6.9049e-01	1.0057e-06	5.3650e-12	5.6829e-03	9.9432e-01	49	6.9883e+01	352	7.0118e-01	9.6035e-07	5.4044e-12	8.0296e-03	9.9197e-01	5.5700e-01	8.9000e-01	NA	NA	2.4981e+00	2.1166e+00	661	7.5077e+02	3782	8.8043e-01	4.5427e-06	8.2500e-01	9.3900e-01	3.2763e+00	1.1965e+00	148	1.6842e+02	867	8.7876e-01	266	2.7247e+02	1172	9.7624e-01	1.9095e-06	8.8200e-01	1.0810e+00	3.9217e-01	2.1375e-01	[]	2	protein_coding	chr10	1782	11
A1CF	ENSG00000148584	ENST00000373997	true	true	45	6.9962e+01	352	6.4320e-01	9.5471e-07	7.3172e-10	2.0560e-03	9.9794e-01	45	6.9962e+01	352	6.4320e-01	9.5471e-07	7.6560e-10	1.9606e-03	9.9804e-01	5.0600e-01	8.2500e-01	6838	3	2.9844e+00	2.5286e+00	653	7.4551e+02	3720	8.7591e-01	4.3783e-06	8.2100e-01	9.3400e-01	3.3881e+00	1.2373e+00	236	2.7671e+02	1399	8.5287e-01	272	2.7254e+02	1157	9.9802e-01	2.0076e-06	9.0300e-01	1.1030e+00	3.2727e-02	1.7838e-02	[]	2	protein_coding	chr10	1758	11
A1CF	ENSG00000148584	ENST00000374001	false	false	45	6.9962e+01	352	6.4320e-01	9.5471e-07	7.3172e-10	2.0560e-03	9.9794e-01	45	6.9962e+01	352	6.4320e-01	9.5471e-07	7.6560e-10	1.9606e-03	9.9804e-01	5.0600e-01	8.2500e-01	NA	NA	2.9844e+00	2.5286e+00	653	7.4551e+02	3720	8.7591e-01	4.3783e-06	8.2100e-01	9.3400e-01	3.3881e+00	1.2373e+00	236	2.7671e+02	1399	8.5287e-01	272	2.7254e+02	1157	9.9802e-01	2.0076e-06	9.0300e-01	1.1030e+00	3.2727e-02	1.7838e-02	[]	2	protein_coding	chr10	1758	11
A1CF	ENSG00000148584	ENST00000395489	false	false	48	7.2811e+01	367	6.5924e-01	1.0176e-06	7.6383e-11	2.5273e-03	9.9747e-01	47	7.0281e+01	355	6.6874e-01	9.7219e-07	7.7044e-11	3.5757e-03	9.9642e-01	5.2800e-01	8.5300e-01	NA	NA	2.7771e+00	2.3530e+00	670	7.6177e+02	3837	8.7953e-01	4.4314e-06	8.2500e-01	9.3800e-01	3.3250e+00	1.2143e+00	309	3.6475e+02	1841	8.4715e-01	271	2.7598e+02	1188	9.8194e-01	1.9095e-06	8.8800e-01	1.0860e+00	3.0003e-01	1.6353e-01	[]	3	protein_coding	chr10	1806	11
A1CF	ENSG00000148584	ENST00000395495	false	false	50	7.2413e+01	364	6.9049e-01	1.0057e-06	5.3650e-12	5.6829e-03	9.9432e-01	49	6.9883e+01	352	7.0118e-01	9.6035e-07	5.4044e-12	8.0296e-03	9.9197e-01	5.5700e-01	8.9000e-01	NA	NA	2.4981e+00	2.1166e+00	661	7.5077e+02	3782	8.8043e-01	4.5427e-06	8.2500e-01	9.3900e-01	3.2763e+00	1.1965e+00	148	1.6842e+02	867	8.7876e-01	266	2.7247e+02	1172	9.7624e-01	1.9095e-06	8.8200e-01	1.0810e+00	3.9217e-01	2.1375e-01	[]	3	protein_coding	chr10	1782	11
A1CF	ENSG00000148584	ENST00000414883	false	false	13	2.3390e+01	124	5.5580e-01	4.5859e-07	6.4408e-03	2.5587e-02	9.6797e-01	13	2.3390e+01	124	5.5580e-01	4.5859e-07	6.7444e-03	2.4419e-02	9.6884e-01	3.6100e-01	8.8400e-01	NA	NA	2.1483e+00	1.8202e+00	226	2.6415e+02	1303	8.5558e-01	3.1854e-06	7.6700e-01	9.5500e-01	2.3471e+00	8.5716e-01	57	7.5248e+01	403	7.5749e-01	95	9.2869e+01	375	1.0229e+00	1.0646e-06	8.6600e-01	1.2130e+00	-2.2114e-01	-1.2053e-01	[]	2	protein_coding	chr10	604	4
BRCA1	672	NM_007294.4	true	true	134	1.7484e+02	1009	7.6642e-01	1.6437e-06	1.4789e-34	2.3901e-03	9.9761e-01	134	1.7484e+02	1009	7.6642e-01	1.6437e-06	1.5474e-34	2.2793e-03	9.9772e-01	6.6500e-01	8.8500e-01	NA	NA	3.0885e+00	2.6169e+00	1948	2.2518e+03	12186	8.6509e-01	1.3765e-05	8.3300e-01	8.9800e-01	6.4018e+00	2.3379e+00	222	2.6560e+02	1720	8.3585e-01	655	7.9298e+02	3367	8.2599e-01	5.4929e-06	7.7400e-01	8.8100e-01	4.9000e+00	2.6707e+00	[]	NA	NA	NA	NA	NA
BRCA1	672	NM_007297.4	false	false	132	1.6954e+02	977	7.7857e-01	1.6455e-06	1.2201e-34	5.6346e-03	9.9437e-01	132	1.6810e+02	971	7.8525e-01	1.6190e-06	6.1994e-35	8.1888e-03	9.9181e-01	6.8100e-01	9.0700e-01	NA	NA	2.7843e+00	2.3591e+00	1901	2.1966e+03	11898	8.6541e-01	1.3386e-05	8.3200e-01	8.9900e-01	6.3078e+00	2.3036e+00	212	2.5496e+02	1657	8.3149e-01	642	7.7590e+02	3294	8.2743e-01	5.4159e-06	7.7500e-01	8.8300e-01	4.8070e+00	2.6200e+00	[]	NA	NA	NA	NA	NA
BRCA1	672	NM_007298.3	false	false	75	1.0309e+02	533	7.2749e-01	1.1157e-06	1.1442e-18	4.1457e-03	9.9585e-01	75	1.0309e+02	533	7.2749e-01	1.1157e-06	1.1973e-18	3.9538e-03	9.9605e-01	6.0300e-01	8.8200e-01	NA	NA	2.7669e+00	2.3444e+00	770	9.0310e+02	4804	8.5262e-01	6.1926e-06	8.0300e-01	9.0500e-01	4.4291e+00	1.6175e+00	137	1.8146e+02	1021	7.5500e-01	272	3.1738e+02	1351	8.5701e-01	2.0424e-06	7.7500e-01	9.4800e-01	2.5474e+00	1.3885e+00	[]	NA	NA	NA	NA	NA
BRCA1	672	NM_007299.4	false	false	70	9.4806e+01	499	7.3835e-01	9.5783e-07	8.4096e-18	8.2803e-03	9.9172e-01	70	9.4806e+01	499	7.3835e-01	9.5783e-07	8.8016e-18	7.8984e-03	9.9210e-01	6.0800e-01	9.0100e-01	NA	NA	2.5477e+00	2.1586e+00	688	8.2815e+02	4414	8.3076e-01	5.5653e-06	7.8000e-01	8.8500e-01	4.8702e+00	1.7786e+00	152	1.9872e+02	1101	7.6491e-01	256	2.8696e+02	1232	8.9212e-01	2.0248e-06	8.0500e-01	9.8900e-01	1.8275e+00	9.9607e-01	[]	NA	NA	NA	NA	NA
BRCA1	672	NM_007300.4	false	false	137	1.7808e+02	1024	7.6931e-01	1.6590e-06	1.8808e-35	2.6164e-03	9.9738e-01	137	1.7808e+02	1024	7.6931e-01	1.6590e-06	1.9679e-35	2.4951e-03	9.9750e-01	6.6900e-01	8.8700e-01	NA	NA	3.0785e+00	2.6084e+00	1974	2.2776e+03	12319	8.6669e-01	1.4227e-05	8.3400e-01	8.9900e-01	6.3622e+00	2.3235e+00	400	4.8629e+02	2944	8.2256e-01	657	7.9878e+02	3390	8.2250e-01	5.6185e-06	7.7100e-01	8.7700e-01	5.0165e+00	2.7342e+00	[]	NA	NA	NA	NA	NA
BRCA1	ENSG00000012048	ENST00000352993	false	false	72	9.8499e+01	508	7.3097e-01	1.0466e-06	4.5773e-18	5.6241e-03	9.9438e-01	72	9.8499e+01	508	7.3097e-01	1.0466e-06	4.7901e-18	5.3640e-03	9.9464e-01	6.0300e-01	8.8900e-01	NA	NA	2.6701e+00	2.2623e+00	730	8.5308e+02	4543	8.5572e-01	5.4738e-06	8.0400e-01	9.1000e-01	4.2141e+00	1.5390e+00	211	2.6343e+02	1464	8.0098e-01	258	3.0252e+02	1291	8.5283e-01	2.0112e-06	7.7000e-01	9.4500e-01	2.5598e+00	1.3952e+00	[]	2	protein_coding	chr17	2163	21
BRCA1	ENSG00000012048	ENST00000354071	false	false	83	1.0460e+02	659	7.9350e-01	9.7089e-07	1.2747e-22	4.1531e-02	9.5847e-01	83	1.0460e+02	659	7.9350e-01	9.7089e-07	1.3361e-22	3.9677e-02	9.6032e-01	6.6400e-01	9.5200e-01	NA	NA	2.1119e+00	1.7894e+00	1430	1.6610e+03	9062	8.6091e-01	1.2994e-05	8.2300e-01	8.9900e-01	5.6689e+00	2.0703e+00	266	3.3385e+02	2113	7.9677e-01	474	5.8090e+02	2468	8.1598e-01	4.9642e-06	7.5600e-01	8.8000e-01	4.4352e+00	2.4174e+00	[]	2	protein_coding	chr17	4197	9
BRCA1	ENSG00000012048	ENST00000357654	true	true	134	1.7484e+02	1009	7.6642e-01	1.6437e-06	1.4789e-34	2.3901e-03	9.9761e-01	134	1.7484e+02	1009	7.6642e-01	1.6437e-06	1.5474e-34	2.2793e-03	9.9772e-01	6.6500e-01	8.8500e-01	7754	4	3.0885e+00	2.6169e+00	1948	2.2518e+03	12186	8.6509e-01	1.3765e-05	8.3300e-01	8.9800e-01	6.4018e+00	2.3379e+00	222	2.6560e+02	1720	8.3585e-01	655	7.9298e+02	3367	8.2599e-01	5.4929e-06	7.7400e-01	8.8100e-01	4.9000e+00	2.6707e+00	[]	2	protein_coding	chr17	5589	22
BRCA1	ENSG00000012048	ENST00000412061	false	false	NA	NA	NA	NA	NA	NA	NA	NA	NA	NA	NA	NA	NA	NA	NA	NA	NA	NA	NA	NA	NA	NA	445	5.4275e+02	2935	8.1989e-01	2.6033e-06	7.5800e-01	8.8700e-01	4.1960e+00	1.5324e+00	95	1.1878e+02	792	7.9982e-01	161	1.8825e+02	785	8.5523e-01	1.0931e-06	7.5100e-01	9.7500e-01	1.9864e+00	1.0827e+00	["no_exp_lof"]	2	non_stop_decay	chr17	1312	2
BRCA1	ENSG00000012048	ENST00000461221	false	false	NA	NA	NA	NA	NA	NA	NA	NA	NA	NA	NA	NA	NA	NA	NA	NA	NA	NA	NA	NA	NA	NA	47	5.5147e+01	288	8.5226e-01	7.7820e-07	6.7400e-01	1.0870e+00	1.0971e+00	4.0066e-01	10	1.0634e+01	63	9.4042e-01	13	1.7086e+01	73	7.6086e-01	2.5297e-07	4.9400e-01	1.2100e+00	9.8851e-01	5.3878e-01	["no_exp_lof"]	2	nonsense_mediated_decay	chr17	189	3
BRCA1	ENSG00000012048	ENST00000461574	false	false	26	2.7043e+01	144	9.6145e-01	3.9080e-07	2.6566e-09	4.5483e-01	5.4517e-01	26	2.7043e+01	144	9.6145e-01	3.9080e-07	2.8394e-09	4.4306e-01	5.5694e-01	7.0400e-01	1.3340e+00	NA	NA	2.0047e-01	1.6986e-01	266	2.8857e+02	1597	9.2179e-01	2.2410e-06	8.3300e-01	1.0200e+00	1.3285e+00	4.8516e-01	51	5.2117e+01	334	9.7856e-01	83	1.0519e+02	430	7.8906e-01	1.1345e-06	6.6000e-01	9.4700e-01	2.1634e+00	1.1792e+00	[]	2	protein_coding	chr17	726	4
BRCA1	ENSG00000012048	ENST00000461798	false	false	NA	NA	NA	NA	NA	NA	NA	NA	NA	NA	NA	NA	NA	NA	NA	NA	NA	NA	NA	NA	NA	NA	47	5.5147e+01	288	8.5226e-01	7.7820e-07	6.7400e-01	1.0870e+00	1.0971e+00	4.0066e-01	10	1.0634e+01	63	9.4042e-01	13	1.7086e+01	73	7.6086e-01	2.5297e-07	4.9400e-01	1.2100e+00	9.8851e-01	5.3878e-01	["no_exp_lof"]	2	nonsense_mediated_decay	chr17	189	3
BRCA1	ENSG00000012048	ENST00000468300	false	false	70	9.4806e+01	499	7.3835e-01	9.5783e-07	8.4096e-18	8.2803e-03	9.9172e-01	70	9.4806e+01	499	7.3835e-01	9.5783e-07	8.8016e-18	7.8984e-03	9.9210e-01	6.0800e-01	9.0100e-01	NA	NA	2.5477e+00	2.1586e+00	688	8.2815e+02	4414	8.3076e-01	5.5653e-06	7.8000e-01	8.8500e-01	4.8702e+00	1.7786e+00	152	1.9872e+02	1101	7.6491e-01	256	2.8696e+02	1232	8.9212e-01	2.0248e-06	8.0500e-01	9.8900e-01	1.8275e+00	9.9607e-01	[]	2	protein_coding	chr17	2097	21
BRCA1	ENSG00000012048	ENST00000470026	false	false	38	5.5673e+01	334	6.8256e-01	4.3513e-07	3.1123e-09	1.1883e-02	9.8812e-01	38	5.5673e+01	334	6.8256e-01	4.3513e-07	3.2579e-09	1.1337e-02	9.8866e-01	5.2600e-01	8.9500e-01	NA	NA	2.3685e+00	2.0068e+00	629	7.6969e+02	4155	8.1722e-01	5.1804e-06	7.6500e-01	8.7300e-01	5.0710e+00	1.8519e+00	111	1.3523e+02	879	8.2083e-01	229	2.6657e+02	1121	8.5906e-01	2.0278e-06	7.7000e-01	9.5800e-01	2.3011e+00	1.2542e+00	[]	2	protein_coding	chr17	1947	9
BRCA1	ENSG00000012048	ENST00000471181	false	false	137	1.7808e+02	1024	7.6931e-01	1.6590e-06	1.8808e-35	2.6164e-03	9.9738e-01	137	1.7808e+02	1024	7.6931e-01	1.6590e-06	1.9679e-35	2.4951e-03	9.9750e-01	6.6900e-01	8.8700e-01	NA	NA	3.0785e+00	2.6084e+00	1974	2.2776e+03	12319	8.6669e-01	1.4227e-05	8.3400e-01	8.9900e-01	6.3622e+00	2.3235e+00	400	4.8629e+02	2944	8.2256e-01	657	7.9878e+02	3390	8.2250e-01	5.6185e-06	7.7100e-01	8.7700e-01	5.0165e+00	2.7342e+00	[]	2	protein_coding	chr17	5652	23
BRCA1	ENSG00000012048	ENST00000473961	false	false	22	2.8744e+01	173	7.6537e-01	2.9688e-07	1.3693e-06	1.1165e-01	8.8835e-01	22	2.8744e+01	173	7.6537e-01	2.9688e-07	1.4400e-06	1.0701e-01	8.9299e-01	5.4600e-01	1.0930e+00	NA	NA	1.2579e+00	1.0658e+00	338	3.9027e+02	2115	8.6608e-01	3.7518e-06	7.9200e-01	9.4800e-01	2.6457e+00	9.6618e-01	136	1.5340e+02	915	8.8659e-01	124	1.3891e+02	578	8.9269e-01	1.0880e-06	7.7100e-01	1.0360e+00	1.2648e+00	6.8935e-01	[]	2	protein_coding	chr17	958	4
BRCA1	ENSG00000012048	ENST00000476777	false	false	18	2.7798e+01	152	6.4754e-01	2.9793e-07	1.2489e-04	3.9603e-02	9.6027e-01	18	2.7798e+01	152	6.4754e-01	2.9793e-07	1.3090e-04	3.7831e-02	9.6204e-01	4.4700e-01	9.6000e-01	NA	NA	1.8583e+00	1.5745e+00	195	2.3735e+02	1286	8.2158e-01	2.9641e-06	7.3000e-01	9.2500e-01	2.7488e+00	1.0038e+00	32	3.8957e+01	219	8.2143e-01	70	8.1233e+01	350	8.6172e-01	1.2331e-06	7.1000e-01	1.0510e+00	1.2463e+00	6.7930e-01	[]	2	protein_coding	chr17	667	8
BRCA1	ENSG00000012048	ENST00000477152	false	false	38	5.5513e+01	333	6.8452e-01	4.3513e-07	2.8730e-09	1.2445e-02	9.8755e-01	38	5.5513e+01	333	6.8452e-01	4.3513e-07	3.0075e-09	1.1873e-02	9.8813e-01	5.2700e-01	8.9700e-01	NA	NA	2.3506e+00	1.9916e+00	628	7.6847e+02	4148	8.1721e-01	5.1040e-06	7.6500e-01	8.7300e-01	5.0671e+00	1.8505e+00	123	1.5707e+02	961	7.8311e-01	228	2.6628e+02	1120	8.5625e-01	2.0278e-06	7.6800e-01	9.5600e-01	2.3456e+00	1.2785e+00	[]	2	protein_coding	chr17	1867	8
BRCA1	ENSG00000012048	ENST00000478531	false	false	54	7.8413e+01	422	6.8866e-01	7.7366e-07	7.9314e-13	3.9263e-03	9.9607e-01	54	7.8413e+01	422	6.8866e-01	7.7366e-07	8.2994e-13	3.7444e-03	9.9626e-01	5.5200e-01	8.6400e-01	NA	NA	2.7569e+00	2.3359e+00	612	7.3133e+02	3912	8.3683e-01	5.5743e-06	7.8200e-01	8.9500e-01	4.4127e+00	1.6115e+00	154	2.0667e+02	1163	7.4514e-01	234	2.5745e+02	1106	9.0890e-01	2.0020e-06	8.1600e-01	1.0130e+00	1.4618e+00	7.9672e-01	[]	2	protein_coding	chr17	1870	17
BRCA1	ENSG00000012048	ENST00000484087	false	false	43	6.1166e+01	330	7.0301e-01	7.2670e-07	1.0439e-10	1.3453e-02	9.8655e-01	43	6.1166e+01	330	7.0301e-01	7.2670e-07	1.0928e-10	1.2836e-02	9.8716e-01	5.5000e-01	9.0700e-01	NA	NA	2.3227e+00	1.9680e+00	518	6.1138e+02	3263	8.4726e-01	5.3900e-06	7.8800e-01	9.1100e-01	3.7767e+00	1.3792e+00	109	1.4014e+02	812	7.7782e-01	204	2.1807e+02	939	9.3546e-01	1.6386e-06	8.3400e-01	1.0510e+00	9.5310e-01	5.1948e-01	[]	2	protein_coding	chr17	1495	12
BRCA1	ENSG00000012048	ENST00000487825	false	false	26	3.1823e+01	168	8.1703e-01	5.4083e-07	4.3942e-08	1.6987e-01	8.3013e-01	26	3.1823e+01	168	8.1703e-01	5.4083e-07	4.6338e-08	1.6326e-01	8.3674e-01	5.9800e-01	1.1340e+00	NA	NA	1.0322e+00	8.7455e-01	277	3.2295e+02	1748	8.5772e-01	3.9414e-06	7.7700e-01	9.4700e-01	2.5568e+00	9.3373e-01	131	1.5585e+02	862	8.4058e-01	98	1.1315e+02	485	8.6610e-01	1.2720e-06	7.3400e-01	1.0240e+00	1.4244e+00	7.7634e-01	[]	2	protein_coding	chr17	800	7
BRCA1	ENSG00000012048	ENST00000489037	false	false	8	1.3569e+01	78	5.8958e-01	1.9089e-07	2.0661e-02	7.5226e-02	9.0411e-01	8	1.3569e+01	78	5.8958e-01	1.9089e-07	2.1671e-02	7.1912e-02	9.0642e-01	3.4500e-01	1.0640e+00	NA	NA	1.5118e+00	1.2809e+00	92	1.1695e+02	651	7.8668e-01	1.5564e-06	6.6400e-01	9.3600e-01	2.3069e+00	8.4247e-01	30	4.2934e+01	255	6.9874e-01	34	3.8630e+01	165	8.8014e-01	6.1580e-07	6.6900e-01	1.1720e+00	7.4498e-01	4.0605e-01	[]	2	protein_coding	chr17	296	4
BRCA1	ENSG00000012048	ENST00000491747	false	false	75	1.0309e+02	533	7.2749e-01	1.1157e-06	1.1442e-18	4.1457e-03	9.9585e-01	75	1.0309e+02	533	7.2749e-01	1.1157e-06	1.1973e-18	3.9538e-03	9.9605e-01	6.0300e-01	8.8200e-01	NA	NA	2.7669e+00	2.3444e+00	770	9.0310e+02	4804	8.5262e-01	6.1926e-06	8.0300e-01	9.0500e-01	4.4291e+00	1.6175e+00	137	1.8146e+02	1021	7.5500e-01	272	3.1738e+02	1351	8.5701e-01	2.0424e-06	7.7500e-01	9.4800e-01	2.5474e+00	1.3885e+00	[]	2	protein_coding	chr17	2277	22
BRCA1	ENSG00000012048	ENST00000492859	false	false	NA	NA	NA	NA	NA	NA	NA	NA	NA	NA	NA	NA	NA	NA	NA	NA	NA	NA	NA	NA	NA	NA	47	5.5147e+01	288	8.5226e-01	7.0912e-07	6.7400e-01	1.0870e+00	1.0971e+00	4.0066e-01	27	3.5676e+01	194	7.5681e-01	13	1.7086e+01	73	7.6086e-01	2.5297e-07	4.9400e-01	1.2100e+00	9.8851e-01	5.3878e-01	["no_exp_lof"]	2	nonsense_mediated_decay	chr17	177	3
BRCA1	ENSG00000012048	ENST00000493795	false	false	132	1.6954e+02	977	7.7857e-01	1.6455e-06	1.2201e-34	5.6346e-03	9.9437e-01	132	1.6810e+02	971	7.8525e-01	1.6190e-06	6.1994e-35	8.1888e-03	9.9181e-01	6.8100e-01	9.0700e-01	NA	NA	2.7843e+00	2.3591e+00	1901	2.1966e+03	11898	8.6541e-01	1.3386e-05	8.3200e-01	8.9900e-01	6.3078e+00	2.3036e+00	212	2.5496e+02	1657	8.3149e-01	642	7.7590e+02	3294	8.2743e-01	5.4159e-06	7.7500e-01	8.8300e-01	4.8070e+00	2.6200e+00	[]	2	protein_coding	chr17	5448	20
BRCA1	ENSG00000012048	ENST00000493919	false	false	51	7.1991e+01	383	7.0842e-01	7.7445e-07	1.2704e-12	9.0800e-03	9.9092e-01	51	7.0549e+01	377	7.2290e-01	7.4801e-07	6.4447e-13	1.3175e-02	9.8682e-01	5.7600e-01	9.1300e-01	NA	NA	2.3274e+00	1.9720e+00	560	6.7117e+02	3592	8.3436e-01	5.2676e-06	7.7800e-01	8.9500e-01	4.2912e+00	1.5671e+00	139	1.8813e+02	1044	7.3886e-01	219	2.3935e+02	1027	9.1497e-01	1.9250e-06	8.1900e-01	1.0230e+00	1.3155e+00	7.1700e-01	[]	2	protein_coding	chr17	1716	15
BRCA1	ENSG00000012048	ENST00000494123	false	false	33	4.6400e+01	273	7.1120e-01	4.2387e-07	1.3782e-08	3.1207e-02	9.6879e-01	33	4.6400e+01	273	7.1120e-01	4.2387e-07	1.4440e-08	2.9799e-02	9.7020e-01	5.3800e-01	9.5100e-01	NA	NA	1.9672e+00	1.6668e+00	456	5.4690e+02	2963	8.3378e-01	4.8883e-06	7.7100e-01	9.0100e-01	3.8871e+00	1.4196e+00	78	9.3537e+01	588	8.3390e-01	167	1.9103e+02	798	8.7422e-01	1.6313e-06	7.7000e-01	9.9400e-01	1.7384e+00	9.4750e-01	[]	2	protein_coding	chr17	1419	9
BRCA1	ENSG00000012048	ENST00000497488	false	false	12	1.3671e+01	88	8.7780e-01	1.0875e-07	1.3407e-04	2.4528e-01	7.5459e-01	10	1.2523e+01	82	7.9855e-01	8.8524e-08	1.0013e-03	1.7779e-01	8.2121e-01	4.9200e-01	1.3530e+00	NA	NA	7.1286e-01	6.0400e-01	179	2.1506e+02	1177	8.3231e-01	1.5112e-06	7.3600e-01	9.4200e-01	2.4592e+00	8.9807e-01	44	5.4580e+01	347	8.0616e-01	61	7.6927e+01	318	7.9296e-01	3.9248e-07	6.4400e-01	9.8100e-01	1.8159e+00	9.8975e-01	[]	2	protein_coding	chr17	531	1
BRCA1	ENSG00000012048	ENST00000586385	false	false	27	3.2556e+01	153	8.2935e-01	6.0920e-07	1.8136e-08	1.8940e-01	8.1060e-01	27	3.2556e+01	153	8.2935e-01	6.0920e-07	1.9143e-08	1.8220e-01	8.1780e-01	6.1000e-01	1.1440e+00	NA	NA	9.7369e-01	8.2500e-01	191	2.1636e+02	1123	8.8279e-01	2.0808e-06	7.8400e-01	9.9500e-01	1.7240e+00	6.2959e-01	64	7.5360e+01	383	8.4926e-01	60	7.5988e+01	316	7.8960e-01	6.4653e-07	6.4100e-01	9.7900e-01	1.8341e+00	9.9967e-01	[]	2	protein_coding	chr17	519	8
BRCA1	ENSG00000012048	ENST00000591534	false	false	36	5.0214e+01	255	7.1693e-01	7.4677e-07	2.3349e-09	2.8967e-02	9.7103e-01	35	4.9083e+01	249	7.1308e-01	7.2691e-07	4.7466e-09	2.7241e-02	9.7276e-01	5.4400e-01	9.4500e-01	NA	NA	2.0102e+00	1.7032e+00	386	4.4175e+02	2310	8.7380e-01	3.1447e-06	8.0300e-01	9.5100e-01	2.6525e+00	9.6867e-01	32	3.2347e+01	181	9.8929e-01	136	1.5834e+02	677	8.5893e-01	1.1548e-06	7.4600e-01	9.9000e-01	1.7751e+00	9.6753e-01	[]	2	protein_coding	chr17	1062	10
BRCA1	ENSG00000012048	ENST00000591849	false	false	13	1.5367e+01	67	8.4596e-01	3.4325e-07	9.4918e-05	2.1848e-01	7.8143e-01	13	1.5367e+01	67	8.4596e-01	3.4325e-07	1.0032e-04	2.1046e-01	7.8944e-01	5.5000e-01	1.3440e+00	NA	NA	6.0387e-01	5.1165e-01	109	1.0828e+02	555	1.0066e+00	1.1583e-06	8.6100e-01	1.1800e+00	-6.8824e-02	-2.5134e-02	41	3.9955e+01	221	1.0262e+00	27	4.0305e+01	163	6.6988e-01	3.6167e-07	4.9300e-01	9.2400e-01	2.0958e+00	1.1423e+00	[]	2	protein_coding	chr17	288	4
BRCA1	ENSG00000012048	ENST00000618469	false	false	1	1.7867e+00	10	5.5969e-01	2.5177e-08	2.1777e-01	1.4749e-01	6.3474e-01	1	1.7867e+00	10	5.5969e-01	2.5177e-08	2.2710e-01	1.4018e-01	6.3271e-01	1.8300e-01	1.7880e+00	NA	NA	5.8855e-01	4.9867e-01	25	2.7582e+01	141	9.0638e-01	5.3115e-07	6.6000e-01	1.2660e+00	4.9166e-01	1.7955e-01	2	1.1952e+00	7	1.6734e+00	9	9.7315e+00	41	9.2483e-01	1.9343e-07	5.5600e-01	1.5880e+00	2.3450e-01	1.2781e-01	[]	2	protein_coding	chr17	71	1
BRCA1	ENSG00000012048	ENST00000634433	false	false	37	5.8417e+01	371	6.3338e-01	4.7936e-07	4.2099e-08	3.7743e-03	9.9623e-01	37	5.8417e+01	371	6.3338e-01	4.7936e-07	4.4052e-08	3.5994e-03	9.9640e-01	4.8600e-01	8.3300e-01	NA	NA	2.8022e+00	2.3742e+00	799	9.4958e+02	5153	8.4142e-01	6.3382e-06	7.9300e-01	8.9200e-01	4.8866e+00	1.7846e+00	120	1.5234e+02	919	7.8773e-01	279	3.2973e+02	1398	8.4615e-01	2.5666e-06	7.6600e-01	9.3400e-01	2.7938e+00	1.5227e+00	[]	2	protein_coding	chr17	2395	7
BRCA1	ENSG00000012048	ENST00000642945	false	false	NA	NA	NA	NA	NA	NA	NA	NA	NA	NA	NA	NA	NA	NA	NA	NA	NA	NA	NA	NA	NA	NA	47	5.5147e+01	288	8.5226e-01	7.2598e-07	6.7400e-01	1.0870e+00	1.0971e+00	4.0066e-01	27	3.5937e+01	197	7.5132e-01	13	1.7086e+01	73	7.6086e-01	2.5297e-07	4.9400e-01	1.2100e+00	9.8851e-01	5.3878e-01	["no_exp_lof"]	2	nonsense_mediated_decay	chr17	243	3
BRCA1	ENSG00000012048	ENST00000644379	false	false	68	8.4993e+01	441	8.0006e-01	9.7633e-07	6.8592e-19	6.9340e-02	9.3066e-01	68	8.4993e+01	441	8.0006e-01	9.7633e-07	7.1994e-19	6.6331e-02	9.3367e-01	6.5700e-01	9.7900e-01	NA	NA	1.8433e+00	1.5618e+00	711	8.0715e+02	4318	8.8088e-01	4.5781e-06	8.2700e-01	9.3700e-01	3.3843e+00	1.2359e+00	116	1.4025e+02	816	8.2709e-01	243	2.9047e+02	1211	8.3657e-01	1.9544e-06	7.5300e-01	9.3000e-01	2.7853e+00	1.5181e+00	[]	2	protein_coding	chr17	1976	15
BRCA1	ENSG00000012048	ENST00000644555	false	false	7	1.0292e+01	55	6.8013e-01	1.6175e-07	1.2994e-02	1.3167e-01	8.5534e-01	6	6.4887e+00	37	9.2468e-01	1.0180e-07	6.1315e-03	2.3924e-01	7.5463e-01	5.0200e-01	1.7090e+00	NA	NA	1.9186e-01	1.6256e-01	34	4.7601e+01	282	7.1427e-01	6.9221e-07	5.4200e-01	9.5100e-01	1.9714e+00	7.1993e-01	1	2.8834e+00	20	3.4681e-01	16	1.6737e+01	68	9.5596e-01	3.1143e-07	6.4600e-01	1.4500e+00	1.8018e-01	9.8208e-02	[]	2	protein_coding	chr17	197	3
BRCA1	ENSG00000012048	ENST00000652672	false	false	37	5.2578e+01	313	7.0371e-01	4.6566e-07	2.2463e-09	2.0652e-02	9.7935e-01	36	4.8775e+01	295	7.3809e-01	4.0572e-07	1.1756e-09	4.1621e-02	9.5838e-01	5.6500e-01	9.7500e-01	NA	NA	1.8292e+00	1.5498e+00	581	7.1332e+02	3860	8.1450e-01	4.6645e-06	7.6000e-01	8.7200e-01	4.9543e+00	1.8093e+00	100	1.2338e+02	809	8.1052e-01	215	2.4919e+02	1047	8.6280e-01	1.8949e-06	7.7100e-01	9.6600e-01	2.1659e+00	1.1805e+00	[]	2	protein_coding	chr17	1805	7
MYH7	4625	NM_000257.4	true	true	129	2.3414e+02	1177	5.5095e-01	1.9450e-06	4.8589e-19	1.1265e-11	1.0000e+00	129	2.3192e+02	1167	5.5621e-01	1.9049e-06	1.6832e-19	2.0600e-11	1.0000e+00	4.8100e-01	6.4400e-01	NA	NA	6.7584e+00	5.7263e+00	1649	2.5990e+03	12630	6.3446e-01	1.3820e-05	6.0800e-01	6.6100e-01	1.8635e+01	6.8055e+00	692	1.2016e+03	5995	5.7590e-01	971	1.0424e+03	3565	9.3152e-01	4.9994e-06	8.8300e-01	9.8200e-01	2.2108e+00	1.2050e+00	[]	NA	NA	NA	NA	NA
MYH7	4625	XM_017021340.1	false	false	129	2.3346e+02	1174	5.5257e-01	1.9325e-06	3.4526e-19	1.3777e-11	1.0000e+00	129	2.3192e+02	1167	5.5621e-01	1.9049e-06	1.6832e-19	2.0600e-11	1.0000e+00	4.8100e-01	6.4400e-01	NA	NA	6.7584e+00	5.7263e+00	1649	2.5990e+03	12630	6.3446e-01	1.3820e-05	6.0800e-01	6.6100e-01	1.8635e+01	6.8055e+00	692	1.2016e+03	5995	5.7590e-01	971	1.0424e+03	3565	9.3152e-01	4.9994e-06	8.8300e-01	9.8200e-01	2.2108e+00	1.2050e+00	[]	NA	NA	NA	NA	NA
MYH7	ENSG00000092054	ENST00000355349	true	true	129	2.3414e+02	1177	5.5095e-01	1.9450e-06	4.8589e-19	1.1265e-11	1.0000e+00	129	2.3192e+02	1167	5.5621e-01	1.9049e-06	1.6832e-19	2.0600e-11	1.0000e+00	4.8100e-01	6.4400e-01	4415	2	6.7584e+00	5.7263e+00	1649	2.5990e+03	12630	6.3446e-01	1.3820e-05	6.0800e-01	6.6100e-01	1.8635e+01	6.8055e+00	692	1.2016e+03	5995	5.7590e-01	971	1.0424e+03	3565	9.3152e-01	4.9994e-06	8.8300e-01	9.8200e-01	2.2108e+00	1.2050e+00	[]	2	protein_coding	chr14	5805	38
