association_id,variant_key,rsid,effect_allele,effect_size,effect_measure,effect_unit,effect_direction,standard_error,confidence_interval,risk_allele_frequency,p_value,p_value_num,trait,trait_efo_id,pmid,study_accession,ancestry,dataset,source,status,fetched_at
rs111033563:not_found,rs111033563,rs111033563,,,,,,,,,,,,,,,,gwas_catalog_2026-08-17,gwas_catalog,not_found,2026-08-17T19:02:51Z
rs1199530060:not_found,rs1199530060,rs1199530060,,,,,,,,,,,,,,,,gwas_catalog_2026-08-17,gwas_catalog,not_found,2026-08-17T19:02:51Z
rs1256311452:not_found,rs1256311452,rs1256311452,,,,,,,,,,,,,,,,gwas_catalog_2026-08-17,gwas_catalog,not_found,2026-08-17T19:02:51Z
163386233,rs1800562,rs1800562,G,0.1253,beta,unit,increase,0.01404,[0.098-0.153],0.9489,2e-23,2e-23,anemia (phenotype),EFO_0004272,39024449,GCST90479974,"African American or Afro-Caribbean, East Asian, European, Hispanic or Latin American",gwas_catalog_2026-08-17,gwas_catalog,resolved,2026-08-17T19:02:51Z
22075928,rs1800562,rs1800562,A,0.04991289,beta,unit,decrease,0.006380249,[0.037-0.062],0.0841,5.000000000000001e-15,5.000000000000001e-15,erythrocyte count,EFO_0004305,27863252,GCST004601,European,gwas_catalog_2026-08-17,gwas_catalog,resolved,2026-08-17T19:02:51Z
101445783,rs1800562,rs1800562,A,0.047638047,beta,unit,decrease,0.0042906012,[0.039-0.056],0.07694,1e-28,1e-28,erythrocyte count,EFO_0004305,32888494,GCST90002403,European,gwas_catalog_2026-08-17,gwas_catalog,resolved,2026-08-17T19:02:51Z
64340442,rs1800562,rs1800562,A,0.026697533,beta,unit,decrease,0.004478515,[0.018-0.035],0.076614,3.0000000000000004e-09,3.0000000000000004e-09,platelet count,EFO_0004309,32888494,GCST90002402,European,gwas_catalog_2026-08-17,gwas_catalog,resolved,2026-08-17T19:02:51Z
18316,rs1800562,rs1800562,A,0.629,beta,unit,decrease,,[0.53-0.73],0.045,2e-32,2e-32,alcohol drinking,EFO_0004329,21665994,GCST001103,"European, NR",gwas_catalog_2026-08-17,gwas_catalog,resolved,2026-08-17T19:02:51Z
97201292,rs1800562,rs1800562,A,0.154,beta,unit,decrease,0.019,[0.12-0.19],0.077,1e-16,1e-16,neuroimaging measurement,EFO_0004346,33875891,GCST90003863,European,gwas_catalog_2026-08-17,gwas_catalog,resolved,2026-08-17T19:02:51Z
97201365,rs1800562,rs1800562,A,0.199,beta,unit,decrease,0.019,[0.16-0.24],0.077,1e-26,1e-26,neuroimaging measurement,EFO_0004346,33875891,GCST90003865,European,gwas_catalog_2026-08-17,gwas_catalog,resolved,2026-08-17T19:02:51Z
97201454,rs1800562,rs1800562,A,0.207,beta,unit,decrease,0.019,[0.17-0.24],0.077,1e-28,1e-28,neuroimaging measurement,EFO_0004346,33875891,GCST90003866,European,gwas_catalog_2026-08-17,gwas_catalog,resolved,2026-08-17T19:02:51Z
97201563,rs1800562,rs1800562,A,0.268,beta,unit,decrease,0.019,[0.23-0.31],0.077,5e-47,5e-47,neuroimaging measurement,EFO_0004346,33875891,GCST90003867,European,gwas_catalog_2026-08-17,gwas_catalog,resolved,2026-08-17T19:02:51Z
97201672,rs1800562,rs1800562,A,0.269,beta,unit,decrease,0.019,[0.23-0.31],0.077,4e-47,4e-47,neuroimaging measurement,EFO_0004346,33875891,GCST90003868,European,gwas_catalog_2026-08-17,gwas_catalog,resolved,2026-08-17T19:02:51Z
97209494,rs1800562,rs1800562,A,0.156,beta,unit,increase,0.018,[0.12-0.19],0.077,2e-17,2e-17,neuroimaging measurement,EFO_0004346,33875891,GCST90004341,European,gwas_catalog_2026-08-17,gwas_catalog,resolved,2026-08-17T19:02:51Z
97209558,rs1800562,rs1800562,A,0.176,beta,unit,increase,0.018,[0.14-0.21],0.077,8e-22,8e-22,neuroimaging measurement,EFO_0004346,33875891,GCST90004342,European,gwas_catalog_2026-08-17,gwas_catalog,resolved,2026-08-17T19:02:51Z
13939,rs1800562,rs1800562,A,0.31,beta,%,increase,,[0.21-0.41],,2e-09,2e-09,hematocrit,EFO_0004348,19862010,GCST000502,European,gwas_catalog_2026-08-17,gwas_catalog,resolved,2026-08-17T19:02:51Z
64195318,rs1800562,rs1800562,A,0.1275169,beta,unit,increase,0.00432874,[0.12-0.14],0.076935,2e-190,2e-190,hematocrit,EFO_0004348,32888494,GCST90002383,European,gwas_catalog_2026-08-17,gwas_catalog,resolved,2026-08-17T19:02:51Z
66758475,rs1800562,rs1800562,,0.3803,beta,unit,decrease,0.0444,[0.29-0.47],0.947,1e-17,1e-17,hematocrit,EFO_0004348,32171239,GCST90012206,"African American or Afro-Caribbean, Asian unspecified, European, Hispanic or Latin American, NR, Native American",gwas_catalog_2026-08-17,gwas_catalog,resolved,2026-08-17T19:02:51Z
66759154,rs1800562,rs1800562,,0.3819,beta,unit,decrease,0.0491,[0.29-0.48],0.9385,7e-15,7e-15,hematocrit,EFO_0004348,32171239,GCST90012208,European,gwas_catalog_2026-08-17,gwas_catalog,resolved,2026-08-17T19:02:51Z
93517551,rs1800562,rs1800562,A,0.1,beta,unit,increase,0.0036,[0.093-0.107],,1e-168,1e-168,hematocrit,EFO_0004348,34594039,GCST90018960,"East Asian, European",gwas_catalog_2026-08-17,gwas_catalog,resolved,2026-08-17T19:02:51Z
94041019,rs1800562,rs1800562,A,0.42,beta,unit,increase,0.05,[0.32-0.52],,6e-17,6e-17,hematocrit,EFO_0004348,33887194,GCST90093293,"African American or Afro-Caribbean, Asian unspecified, European, Hispanic or Latin American",gwas_catalog_2026-08-17,gwas_catalog,resolved,2026-08-17T19:02:51Z
163061180,rs1800562,rs1800562,G,0.1336,beta,unit,decrease,0.005302,[0.12-0.14],0.9349,4e-140,4e-140,hematocrit,EFO_0004348,39024449,GCST90475338,European,gwas_catalog_2026-08-17,gwas_catalog,resolved,2026-08-17T19:02:51Z
163330387,rs1800562,rs1800562,G,0.1258,beta,unit,decrease,0.006528,[0.11-0.14],0.9494,1e-82,1e-82,hematocrit,EFO_0004348,39024449,GCST90479628,"African American or Afro-Caribbean, East Asian, European, Hispanic or Latin American",gwas_catalog_2026-08-17,gwas_catalog,resolved,2026-08-17T19:02:51Z
163331016,rs1800562,rs1800562,G,0.1082,beta,unit,decrease,0.006369,[0.096-0.121],0.9494,1e-64,1e-64,hematocrit,EFO_0004348,39024449,GCST90479629,"African American or Afro-Caribbean, East Asian, European, Hispanic or Latin American",gwas_catalog_2026-08-17,gwas_catalog,resolved,2026-08-17T19:02:51Z
163331464,rs1800562,rs1800562,G,0.07603,beta,unit,decrease,0.005961,[0.064-0.088],0.9494,3e-37,3e-37,hematocrit,EFO_0004348,39024449,GCST90479630,"African American or Afro-Caribbean, East Asian, European, Hispanic or Latin American",gwas_catalog_2026-08-17,gwas_catalog,resolved,2026-08-17T19:02:51Z
191877303,rs1800562,rs1800562,A,0.1236,beta,unit,increase,0.0038,[0.12-0.13],,3e-231,3e-231,hematocrit,EFO_0004348,40436827,GCST90662904,"East Asian, European",gwas_catalog_2026-08-17,gwas_catalog,resolved,2026-08-17T19:02:51Z
73191291,rs1800562,rs1800562,,,,,,,,0.93,1e-11,1e-11,"hematocrit, mean corpuscular hemoglobin concentration, mean corpuscular hemoglobin, erythrocyte volume, erythrocyte count","EFO_0004348, EFO_0004528, EFO_0004527, OBA_0003460, EFO_0004305",32171239,GCST90012204,European,gwas_catalog_2026-08-17,gwas_catalog,resolved,2026-08-17T19:02:51Z
73191249,rs1800562,rs1800562,,,,,,,,0.98,1e-10,1e-10,"hematocrit, mean corpuscular hemoglobin concentration, mean corpuscular hemoglobin, erythrocyte volume, erythrocyte count","EFO_0004348, EFO_0004528, EFO_0004527, OBA_0003460, EFO_0004305",32171239,GCST90012205,Hispanic or Latin American,gwas_catalog_2026-08-17,gwas_catalog,resolved,2026-08-17T19:02:51Z
19339,rs1800562,rs1800562,A,0.177,beta,mg/l,increase,0.026,[0.13-0.23],0.08,5e-12,5e-12,ferritin measurement,EFO_0004459,21943158,GCST001247,European,gwas_catalog_2026-08-17,gwas_catalog,resolved,2026-08-17T19:02:51Z
69089325,rs1800562,rs1800562,A,0.13,beta,SD,increase,,[0.12-0.15],0.0677,2e-84,2e-84,ferritin measurement,EFO_0004459,33536631,GCST011369,European,gwas_catalog_2026-08-17,gwas_catalog,resolved,2026-08-17T19:02:51Z
163054961,rs1800562,rs1800562,G,0.1084,beta,unit,decrease,0.009295,[0.09-0.127],0.9328,2e-31,2e-31,ferritin measurement,EFO_0004459,39024449,GCST90475311,European,gwas_catalog_2026-08-17,gwas_catalog,resolved,2026-08-17T19:02:51Z
163055020,rs1800562,rs1800562,G,0.07581,beta,unit,decrease,0.00931,[0.058-0.094],0.9328,4e-16,4e-16,ferritin measurement,EFO_0004459,39024449,GCST90475314,European,gwas_catalog_2026-08-17,gwas_catalog,resolved,2026-08-17T19:02:51Z
163327970,rs1800562,rs1800562,G,0.1053,beta,unit,decrease,0.009259,[0.087-0.123],0.9498,6.0000000000000005e-30,6.0000000000000005e-30,ferritin measurement,EFO_0004459,39024449,GCST90479610,"African American or Afro-Caribbean, East Asian, European, Hispanic or Latin American",gwas_catalog_2026-08-17,gwas_catalog,resolved,2026-08-17T19:02:51Z
163328020,rs1800562,rs1800562,G,0.07519,beta,unit,decrease,0.009309,[0.057-0.093],0.9498,6.999999999999999e-16,6.999999999999999e-16,ferritin measurement,EFO_0004459,39024449,GCST90479611,"African American or Afro-Caribbean, East Asian, European, Hispanic or Latin American",gwas_catalog_2026-08-17,gwas_catalog,resolved,2026-08-17T19:02:51Z
162971352,rs1800562,rs1800562,A,0.2533,beta,unit,decrease,0.0127,[0.23-0.28],0.0752,3e-88,3e-88,soluble transferrin receptor measurement,EFO_0004460,39643614,GCST90451684,European,gwas_catalog_2026-08-17,gwas_catalog,resolved,2026-08-17T19:02:51Z
221395800,rs1800562,rs1800562,,0.2913954,beta,unit,decrease,0.0092408,[0.27-0.31],,3e-218,3e-218,soluble transferrin receptor measurement,EFO_0004460,42097137,GCST90859941,European,gwas_catalog_2026-08-17,gwas_catalog,resolved,2026-08-17T19:02:51Z
12459,rs1800562,rs1800562,,0.68,beta,s.d.,decrease,,[0.48-0.88],,1e-10,1e-10,iron biomarker measurement,EFO_0004461,19084217,GCST000301,European,gwas_catalog_2026-08-17,gwas_catalog,resolved,2026-08-17T19:02:51Z
12465,rs1800562,rs1800562,,,,,,,,,4e-15,4e-15,iron biomarker measurement,EFO_0004461,19084217,GCST000301,European,gwas_catalog_2026-08-17,gwas_catalog,resolved,2026-08-17T19:02:51Z
12502,rs1800562,rs1800562,,0.66,beta,s.d.,increase,,[0.46-0.86],,4e-11,4e-11,iron biomarker measurement,EFO_0004461,19084217,GCST000301,European,gwas_catalog_2026-08-17,gwas_catalog,resolved,2026-08-17T19:02:51Z
13890,rs1800562,rs1800562,A,0.2,beta,s.d.,increase,,[0.12-0.28],0.08,5e-07,5e-07,iron biomarker measurement,EFO_0004461,19820699,GCST000505,European,gwas_catalog_2026-08-17,gwas_catalog,resolved,2026-08-17T19:02:51Z
13891,rs1800562,rs1800562,A,0.22,beta,s.d.,increase,,[0.14-0.30],0.08,2e-08,2e-08,iron biomarker measurement,EFO_0004461,19820699,GCST000505,European,gwas_catalog_2026-08-17,gwas_catalog,resolved,2026-08-17T19:02:51Z
17837,rs1800562,rs1800562,A,44.27,beta,ug/dL,decrease,,[NR],,6e-10,6e-10,iron biomarker measurement,EFO_0004461,21483845,GCST001021,European,gwas_catalog_2026-08-17,gwas_catalog,resolved,2026-08-17T19:02:51Z
10070358,rs1800562,rs1800562,A,0.204,beta,unit,increase,0.016,[0.17-0.24],0.067,2e-38,2e-38,"iron biomarker measurement, ferritin measurement","EFO_0004461, EFO_0004459",25352340,GCST002677,European,gwas_catalog_2026-08-17,gwas_catalog,resolved,2026-08-17T19:02:51Z
10070379,rs1800562,rs1800562,A,0.577,beta,unit,increase,0.016,[0.55-0.61],0.067,2e-270,2e-270,"iron biomarker measurement, transferrin saturation measurement","EFO_0004461, EFO_0006333",25352340,GCST002680,European,gwas_catalog_2026-08-17,gwas_catalog,resolved,2026-08-17T19:02:51Z
10070400,rs1800562,rs1800562,A,0.479,beta,unit,decrease,0.016,[0.45-0.51],0.067,9e-196,9e-196,"iron biomarker measurement, transferrin measurement","EFO_0004461, EFO_0006341",25352340,GCST002678,European,gwas_catalog_2026-08-17,gwas_catalog,resolved,2026-08-17T19:02:51Z
10070421,rs1800562,rs1800562,A,0.328,beta,unit,increase,0.016,[0.30-0.36],0.067,3e-97,3e-97,"iron biomarker measurement, serum iron amount","EFO_0004461, OBA_2050055",25352340,GCST002679,European,gwas_catalog_2026-08-17,gwas_catalog,resolved,2026-08-17T19:02:51Z
191005114,rs1800562,rs1800562,,,,,,,,,6e-62,6e-62,hematological measurement,EFO_0004503,40220762,GCST90559244,European,gwas_catalog_2026-08-17,gwas_catalog,resolved,2026-08-17T19:02:51Z
13933,rs1800562,rs1800562,A,0.16,beta,g/dl,increase,,[0.13-0.20],,6e-19,6e-19,hemoglobin measurement,EFO_0004509,19862010,GCST000499,European,gwas_catalog_2026-08-17,gwas_catalog,resolved,2026-08-17T19:02:51Z
26639,rs1800562,rs1800562,A,0.1944,beta,unit,increase,0.0406,[0.11-0.27],,2e-06,2e-06,hemoglobin measurement,EFO_0004509,23263863,GCST001779,"African American or Afro-Caribbean, European",gwas_catalog_2026-08-17,gwas_catalog,resolved,2026-08-17T19:02:51Z
29747,rs1800562,rs1800562,A,0.2388,beta,g/dL,increase,0.0519,[0.14-0.34],0.0151,4e-06,4e-06,hemoglobin measurement,EFO_0004509,23446634,GCST001873,"African American or Afro-Caribbean, East Asian, European",gwas_catalog_2026-08-17,gwas_catalog,resolved,2026-08-17T19:02:51Z
64192738,rs1800562,rs1800562,A,0.20528811,beta,unit,increase,0.004172337,[0.2-0.21],0.0769220000000001,0.0,,hemoglobin measurement,EFO_0004509,32888494,GCST90002384,European,gwas_catalog_2026-08-17,gwas_catalog,resolved,2026-08-17T19:02:51Z
93510419,rs1800562,rs1800562,A,0.1428,beta,unit,increase,0.0035,[0.14-0.15],,0.0,,hemoglobin measurement,EFO_0004509,34594039,GCST90018957,"East Asian, European",gwas_catalog_2026-08-17,gwas_catalog,resolved,2026-08-17T19:02:51Z
94041102,rs1800562,rs1800562,A,0.2,beta,unit,increase,0.02,[0.16-0.24],,2e-30,2e-30,hemoglobin measurement,EFO_0004509,33887194,GCST90093294,"African American or Afro-Caribbean, Asian unspecified, European, Hispanic or Latin American",gwas_catalog_2026-08-17,gwas_catalog,resolved,2026-08-17T19:02:51Z
118326950,rs1800562,rs1800562,A,0.324986,beta,SD units,increase,0.0132068,[0.3-0.35],0.0773,1e-133,1e-133,hemoglobin measurement,EFO_0004509,37596262,GCST90281210,European,gwas_catalog_2026-08-17,gwas_catalog,resolved,2026-08-17T19:02:51Z
118328504,rs1800562,rs1800562,A,0.304041,beta,SD units,increase,0.0130362,[0.28-0.33],0.0778,2.9999999999999998e-120,2.9999999999999998e-120,hemoglobin measurement,EFO_0004509,37596262,GCST90281217,European,gwas_catalog_2026-08-17,gwas_catalog,resolved,2026-08-17T19:02:51Z
188051104,rs1800562,rs1800562,A,0.09082927,beta,unit,increase,0.0031413364,[0.085-0.097],0.0780254,2e-191,2e-191,hemoglobin measurement,EFO_0004509,39789286,GCST90468074,European,gwas_catalog_2026-08-17,gwas_catalog,resolved,2026-08-17T19:02:51Z
163103524,rs1800562,rs1800562,G,0.1854,beta,unit,decrease,0.005169,[0.18-0.2],0.9349,7e-282,7e-282,hemoglobin measurement,EFO_0004509,39024449,GCST90475376,European,gwas_catalog_2026-08-17,gwas_catalog,resolved,2026-08-17T19:02:51Z
163103827,rs1800562,rs1800562,G,0.1247,beta,unit,decrease,0.01634,[0.093-0.157],0.9886,2e-14,2e-14,hemoglobin measurement,EFO_0004509,39024449,GCST90475379,African American or Afro-Caribbean,gwas_catalog_2026-08-17,gwas_catalog,resolved,2026-08-17T19:02:51Z
163104204,rs1800562,rs1800562,G,0.1337,beta,unit,decrease,0.005148,[0.12-0.14],0.9349,1e-148,1e-148,hemoglobin measurement,EFO_0004509,39024449,GCST90475380,European,gwas_catalog_2026-08-17,gwas_catalog,resolved,2026-08-17T19:02:51Z
163343168,rs1800562,rs1800562,G,0.2027,beta,unit,decrease,0.006321,[0.19-0.22],0.9494,2e-225,2e-225,hemoglobin measurement,EFO_0004509,39024449,GCST90479638,"African American or Afro-Caribbean, East Asian, European, Hispanic or Latin American",gwas_catalog_2026-08-17,gwas_catalog,resolved,2026-08-17T19:02:51Z
163343716,rs1800562,rs1800562,G,0.1741,beta,unit,decrease,0.006111,[0.16-0.19],0.9494,2e-178,2e-178,hemoglobin measurement,EFO_0004509,39024449,GCST90479639,"African American or Afro-Caribbean, East Asian, European, Hispanic or Latin American",gwas_catalog_2026-08-17,gwas_catalog,resolved,2026-08-17T19:02:51Z
163344144,rs1800562,rs1800562,G,0.1262,beta,unit,decrease,0.005807,[0.11-0.14],0.9494,1e-104,1e-104,hemoglobin measurement,EFO_0004509,39024449,GCST90479640,"African American or Afro-Caribbean, East Asian, European, Hispanic or Latin American",gwas_catalog_2026-08-17,gwas_catalog,resolved,2026-08-17T19:02:51Z
96125782,rs1800562,rs1800562,A,0.49,beta,unit,increase,,[0.33-0.65],0.06,3.0000000000000004e-09,3.0000000000000004e-09,mean corpuscular hemoglobin,EFO_0004527,20927387,GCST000814,European,gwas_catalog_2026-08-17,gwas_catalog,resolved,2026-08-17T19:02:51Z
26948,rs1800562,rs1800562,A,0.3558,beta,unit,increase,0.0615,[0.24-0.48],,7.000000000000001e-09,7.000000000000001e-09,mean corpuscular hemoglobin,EFO_0004527,23263863,GCST001780,"African American or Afro-Caribbean, European",gwas_catalog_2026-08-17,gwas_catalog,resolved,2026-08-17T19:02:51Z
64075080,rs1800562,rs1800562,A,0.3940408,beta,unit,increase,0.0044547566,[0.39-0.4],0.076932,0.0,,mean corpuscular hemoglobin,EFO_0004527,32888494,GCST90002390,European,gwas_catalog_2026-08-17,gwas_catalog,resolved,2026-08-17T19:02:51Z
66763100,rs1800562,rs1800562,,0.4537,beta,unit,decrease,0.0369,[0.38-0.53],0.947,1e-34,1e-34,mean corpuscular hemoglobin,EFO_0004527,32171239,GCST90012214,"African American or Afro-Caribbean, Asian unspecified, European, Hispanic or Latin American, NR, Native American",gwas_catalog_2026-08-17,gwas_catalog,resolved,2026-08-17T19:02:51Z
66766204,rs1800562,rs1800562,,0.4866,beta,unit,decrease,0.041,[0.41-0.57],0.9385,2e-32,2e-32,mean corpuscular hemoglobin,EFO_0004527,32171239,GCST90012216,European,gwas_catalog_2026-08-17,gwas_catalog,resolved,2026-08-17T19:02:51Z
94041265,rs1800562,rs1800562,A,0.58,beta,unit,increase,0.04,[0.5-0.66],,3e-53,3e-53,mean corpuscular hemoglobin,EFO_0004527,33887194,GCST90093295,"African American or Afro-Caribbean, Asian unspecified, European, Hispanic or Latin American",gwas_catalog_2026-08-17,gwas_catalog,resolved,2026-08-17T19:02:51Z
64093880,rs1800562,rs1800562,A,0.187759,beta,unit,increase,0.00412144,[0.18-0.2],0.076917,0.0,,mean corpuscular hemoglobin concentration,EFO_0004528,32888494,GCST90002391,European,gwas_catalog_2026-08-17,gwas_catalog,resolved,2026-08-17T19:02:51Z
66760171,rs1800562,rs1800562,,0.1679,beta,unit,decrease,0.015,[0.14-0.2],0.947,4e-29,4e-29,mean corpuscular hemoglobin concentration,EFO_0004528,32171239,GCST90012210,"African American or Afro-Caribbean, Asian unspecified, European, Hispanic or Latin American, NR, Native American",gwas_catalog_2026-08-17,gwas_catalog,resolved,2026-08-17T19:02:51Z
66761611,rs1800562,rs1800562,,0.2436,beta,unit,decrease,0.055,[0.14-0.35],0.9853,9e-06,9e-06,mean corpuscular hemoglobin concentration,EFO_0004528,32171239,GCST90012211,African American or Afro-Caribbean,gwas_catalog_2026-08-17,gwas_catalog,resolved,2026-08-17T19:02:51Z
66761751,rs1800562,rs1800562,,0.1697,beta,unit,decrease,0.0166,[0.14-0.2],0.9385,1e-24,1e-24,mean corpuscular hemoglobin concentration,EFO_0004528,32171239,GCST90012212,European,gwas_catalog_2026-08-17,gwas_catalog,resolved,2026-08-17T19:02:51Z
66768260,rs1800562,rs1800562,,0.1196,beta,unit,decrease,0.0144,[0.091-0.148],0.947,1e-16,1e-16,mean corpuscular hemoglobin concentration,EFO_0004528,32171239,GCST90012218,"African American or Afro-Caribbean, Asian unspecified, European, Hispanic or Latin American, NR, Native American",gwas_catalog_2026-08-17,gwas_catalog,resolved,2026-08-17T19:02:51Z
66768967,rs1800562,rs1800562,,0.1247,beta,unit,decrease,0.0159,[0.094-0.156],0.9385,4e-15,4e-15,mean corpuscular hemoglobin concentration,EFO_0004528,32171239,GCST90012220,European,gwas_catalog_2026-08-17,gwas_catalog,resolved,2026-08-17T19:02:51Z
94041543,rs1800562,rs1800562,A,0.14,beta,unit,increase,0.02,[0.1-0.18],,1e-16,1e-16,mean corpuscular hemoglobin concentration,EFO_0004528,33887194,GCST90093296,"African American or Afro-Caribbean, Asian unspecified, European, Hispanic or Latin American",gwas_catalog_2026-08-17,gwas_catalog,resolved,2026-08-17T19:02:51Z
188068711,rs1800562,rs1800562,A,0.13511983,beta,unit,increase,0.0040878295,[0.13-0.14],0.0780254,2e-248,2e-248,mean corpuscular hemoglobin concentration,EFO_0004528,39789286,GCST90468085,European,gwas_catalog_2026-08-17,gwas_catalog,resolved,2026-08-17T19:02:51Z
16110,rs1800562,rs1800562,G,0.06,beta,%,increase,,[0.05-0.07],0.94,2.9999999999999997e-20,2.9999999999999997e-20,HbA1c measurement,EFO_0004541,20858683,GCST000803,European,gwas_catalog_2026-08-17,gwas_catalog,resolved,2026-08-17T19:02:51Z
47190071,rs1800562,rs1800562,G,0.0398,beta,unit,increase,0.0036,[0.033-0.047],0.9279,5e-28,5e-28,HbA1c measurement,EFO_0004541,28898252,GCST007954,European,gwas_catalog_2026-08-17,gwas_catalog,resolved,2026-08-17T19:02:51Z
135988186,rs1800562,rs1800562,A,0.042,beta,unit,decrease,0.003,[0.036-0.048],0.0507375,2.9999999999999997e-47,2.9999999999999997e-47,HbA1c measurement,EFO_0004541,39280063,GCST90256420,"African American or Afro-Caribbean, East Asian, European, Hispanic or Latin American, South Asian",gwas_catalog_2026-08-17,gwas_catalog,resolved,2026-08-17T19:02:51Z
188047400,rs1800562,rs1800562,A,0.1106975,beta,unit,decrease,0.0035074921,[0.1-0.12],0.0780254,1e-240,1e-240,HbA1c measurement,EFO_0004541,39789286,GCST90468072,European,gwas_catalog_2026-08-17,gwas_catalog,resolved,2026-08-17T19:02:51Z
189843211,rs1800562,rs1800562,A,0.05155,beta,unit,decrease,0.00587,[0.04-0.063],0.07724,2e-18,2e-18,glycoprotein measurement,EFO_0004555,40307439,GCST90454488,European,gwas_catalog_2026-08-17,gwas_catalog,resolved,2026-08-17T19:02:51Z
93539007,rs1800562,rs1800562,A,0.0628,beta,unit,increase,0.0043,[0.054-0.071],,5e-49,5e-49,bilirubin measurement,EFO_0004570,34594039,GCST90018973,"East Asian, European",gwas_catalog_2026-08-17,gwas_catalog,resolved,2026-08-17T19:02:51Z
188109582,rs1800562,rs1800562,A,0.05943212,beta,unit,increase,0.0029804294,[0.054-0.065],0.0780254,1e-87,1e-87,bilirubin measurement,EFO_0004570,39789286,GCST90468104,European,gwas_catalog_2026-08-17,gwas_catalog,resolved,2026-08-17T19:02:51Z
191866357,rs1800562,rs1800562,A,0.0936,beta,unit,increase,0.0048,[0.084-0.103],,6e-84,6e-84,bilirubin measurement,EFO_0004570,40436827,GCST90662900,"East Asian, European",gwas_catalog_2026-08-17,gwas_catalog,resolved,2026-08-17T19:02:51Z
19887,rs1800562,rs1800562,A,2.16,beta,mg/dL,decrease,0.43,[1.32-3],0.06,2e-08,2e-08,total cholesterol measurement,EFO_0004574,20686565,GCST000760,European,gwas_catalog_2026-08-17,gwas_catalog,resolved,2026-08-17T19:02:51Z
39938,rs1800562,rs1800562,A,0.056,beta,unit,decrease,,[NR],0.07,2e-12,2e-12,total cholesterol measurement,EFO_0004574,24097068,GCST002221,European,gwas_catalog_2026-08-17,gwas_catalog,resolved,2026-08-17T19:02:51Z
35850798,rs1800562,rs1800562,G,0.088,beta,unit,increase,,,0.939,8.999999999999999e-20,8.999999999999999e-20,total cholesterol measurement,EFO_0004574,29507422,GCST007143,"African American or Afro-Caribbean, European, Hispanic or Latin American, South Asian",gwas_catalog_2026-08-17,gwas_catalog,resolved,2026-08-17T19:02:51Z
35850803,rs1800562,rs1800562,G,0.083,beta,unit,increase,,,,9e-19,9e-19,total cholesterol measurement,EFO_0004574,29507422,GCST007143,"African American or Afro-Caribbean, European, Hispanic or Latin American, South Asian",gwas_catalog_2026-08-17,gwas_catalog,resolved,2026-08-17T19:02:51Z
19798,rs1800562,rs1800562,A,2.22,beta,mg/dL,decrease,0.39,[1.46-2.98],0.06,6e-10,6e-10,low density lipoprotein cholesterol measurement,EFO_0004611,20686565,GCST000759,European,gwas_catalog_2026-08-17,gwas_catalog,resolved,2026-08-17T19:02:51Z
39875,rs1800562,rs1800562,A,0.062,beta,unit,decrease,,[NR],0.07,8e-14,8e-14,low density lipoprotein cholesterol measurement,EFO_0004611,24097068,GCST002222,European,gwas_catalog_2026-08-17,gwas_catalog,resolved,2026-08-17T19:02:51Z
35812904,rs1800562,rs1800562,G,0.099,beta,unit,increase,,,0.939,2e-23,2e-23,low density lipoprotein cholesterol measurement,EFO_0004611,29507422,GCST007141,"African American or Afro-Caribbean, European, Hispanic or Latin American, South Asian",gwas_catalog_2026-08-17,gwas_catalog,resolved,2026-08-17T19:02:51Z
35812909,rs1800562,rs1800562,G,0.095,beta,unit,increase,,,,3e-23,3e-23,low density lipoprotein cholesterol measurement,EFO_0004611,29507422,GCST007141,"African American or Afro-Caribbean, European, Hispanic or Latin American, South Asian",gwas_catalog_2026-08-17,gwas_catalog,resolved,2026-08-17T19:02:51Z
56269023,rs1800562,rs1800562,,0.0662,beta,unit,decrease,0.0043,[0.058-0.075],,4.999999999999999e-44,4.999999999999999e-44,low density lipoprotein cholesterol measurement,EFO_0004611,32154731,GCST010204,European,gwas_catalog_2026-08-17,gwas_catalog,resolved,2026-08-17T19:02:51Z
101329834,rs1800562,rs1800562,A,0.0571711,beta,unit,decrease,0.00276108,[0.052-0.063],0.0681964,1e-71,1e-71,low density lipoprotein cholesterol measurement,EFO_0004611,34887591,GCST90239658,European,gwas_catalog_2026-08-17,gwas_catalog,resolved,2026-08-17T19:02:51Z
216817881,rs1800562,rs1800562,A,0.0349059,beta,unit,increase,0.00443876,[0.026-0.044],0.0777962,2e-15,2e-15,lipoprotein measurement,EFO_0004732,39091897,GCST90827773,European,gwas_catalog_2026-08-17,gwas_catalog,resolved,2026-08-17T19:02:51Z
90535471,rs1800562,rs1800562,,0.0043,beta,unit,increase,0.0005,[0.0033-0.0053],,6.999999999999999e-11,6.999999999999999e-11,aspartate aminotransferase measurement,EFO_0004736,34315874,GCST90013664,"African unspecified, Asian unspecified, East Asian, European",gwas_catalog_2026-08-17,gwas_catalog,resolved,2026-08-17T19:02:51Z
100343477,rs1800562,rs1800562,,,,,,,,,3e-11,3e-11,aspartate aminotransferase measurement,EFO_0004736,35810165,GCST90134477,"African unspecified, East Asian, European, South Asian",gwas_catalog_2026-08-17,gwas_catalog,resolved,2026-08-17T19:02:51Z
104555536,rs1800562,rs1800562,A,0.305,beta,unit,increase,0.027,[0.25-0.36],0.06,7e-30,7e-30,protein measurement,EFO_0004747,34648354,GCST90248808,European,gwas_catalog_2026-08-17,gwas_catalog,resolved,2026-08-17T19:02:51Z
188177412,rs1800562,rs1800562,A,0.08687001,beta,unit,increase,0.011417893,[0.064-0.109],0.07689255,2e-16,2e-16,complement C3 measurement,EFO_0004983,39789286,GCST90468498,European,gwas_catalog_2026-08-17,gwas_catalog,resolved,2026-08-17T19:02:51Z
189954122,rs1800562,rs1800562,A,,,,,,,,5e-08,5e-08,omega-6 polyunsaturated fatty acid measurement,EFO_0005680,40545721,GCST90502095,European,gwas_catalog_2026-08-17,gwas_catalog,resolved,2026-08-17T19:02:51Z
69090017,rs1800562,rs1800562,A,0.45,beta,SD,increase,,[0.42-0.47],0.0677,1e-300,1e-300,transferrin saturation measurement,EFO_0006333,33536631,GCST011366,European,gwas_catalog_2026-08-17,gwas_catalog,resolved,2026-08-17T19:02:51Z
163250894,rs1800562,rs1800562,G,0.4635,beta,unit,decrease,0.01237,[0.44-0.49],0.9331,4e-307,4e-307,transferrin saturation measurement,EFO_0006333,39024449,GCST90476442,European,gwas_catalog_2026-08-17,gwas_catalog,resolved,2026-08-17T19:02:51Z
163250966,rs1800562,rs1800562,G,0.4633,beta,unit,decrease,0.01247,[0.44-0.49],0.9331,3e-302,3e-302,transferrin saturation measurement,EFO_0006333,39024449,GCST90476445,European,gwas_catalog_2026-08-17,gwas_catalog,resolved,2026-08-17T19:02:51Z
163251027,rs1800562,rs1800562,G,0.3666,beta,unit,decrease,0.01239,[0.34-0.39],0.9331,3e-192,3e-192,transferrin saturation measurement,EFO_0006333,39024449,GCST90476448,European,gwas_catalog_2026-08-17,gwas_catalog,resolved,2026-08-17T19:02:51Z
163440429,rs1800562,rs1800562,G,0.4457,beta,unit,decrease,0.01218,[0.42-0.47],0.9492,4e-293,4e-293,transferrin saturation measurement,EFO_0006333,39024449,GCST90480720,"African American or Afro-Caribbean, European, Hispanic or Latin American",gwas_catalog_2026-08-17,gwas_catalog,resolved,2026-08-17T19:02:51Z
163440470,rs1800562,rs1800562,G,0.4464,beta,unit,decrease,0.01226,[0.42-0.47],0.9492,4e-290,4e-290,transferrin saturation measurement,EFO_0006333,39024449,GCST90480721,"African American or Afro-Caribbean, European, Hispanic or Latin American",gwas_catalog_2026-08-17,gwas_catalog,resolved,2026-08-17T19:02:51Z
163440511,rs1800562,rs1800562,G,0.3561,beta,unit,decrease,0.01209,[0.33-0.38],0.9492,2e-190,2e-190,transferrin saturation measurement,EFO_0006333,39024449,GCST90480722,"African American or Afro-Caribbean, European, Hispanic or Latin American",gwas_catalog_2026-08-17,gwas_catalog,resolved,2026-08-17T19:02:51Z
44582,rs1800562,rs1800562,A,24.63,beta,unit,decrease,5.13,[14.58-34.68],0.01,2e-06,2e-06,total iron binding capacity,EFO_0006334,25224454,GCST002609,African American or Afro-Caribbean,gwas_catalog_2026-08-17,gwas_catalog,resolved,2026-08-17T19:02:51Z
96113701,rs1800562,rs1800562,G,0.522,beta,unit,increase,0.06,[0.4-0.64],,4e-18,4e-18,total iron binding capacity,EFO_0006334,28334935,GCST004571,Hispanic or Latin American,gwas_catalog_2026-08-17,gwas_catalog,resolved,2026-08-17T19:02:51Z
96121845,rs1800562,rs1800562,G,0.522,beta,unit,increase,0.06,[0.4-0.64],,4e-18,4e-18,total iron binding capacity,EFO_0006334,28334935,GCST004572,Hispanic or Latin American,gwas_catalog_2026-08-17,gwas_catalog,resolved,2026-08-17T19:02:51Z
69092403,rs1800562,rs1800562,A,0.45,beta,SD,decrease,,[0.47-0.43],0.0677,1e-300,1e-300,total iron binding capacity,EFO_0006334,33536631,GCST011368,European,gwas_catalog_2026-08-17,gwas_catalog,resolved,2026-08-17T19:02:51Z
17836,rs1800562,rs1800562,A,35.36,beta,ug/dL,decrease,,[NR],,3.0000000000000004e-08,3.0000000000000004e-08,"total iron binding capacity, iron biomarker measurement","EFO_0006334, EFO_0004461",21483845,GCST001021,European,gwas_catalog_2026-08-17,gwas_catalog,resolved,2026-08-17T19:02:51Z
131772707,rs1800562,rs1800562,A,0.2231,beta,unit,increase,0.0476,[0.13-0.32],,3e-06,3e-06,systolic blood pressure,EFO_0006335,38689001,GCST90310294,"African American or Afro-Caribbean, African unspecified, European",gwas_catalog_2026-08-17,gwas_catalog,resolved,2026-08-17T19:02:51Z
22107601,rs1800562,rs1800562,A,0.394,beta,unit,increase,0.047,[0.3-0.49],0.059,9.000000000000001e-17,9.000000000000001e-17,diastolic blood pressure,EFO_0006336,28739976,GCST004777,"European, NR",gwas_catalog_2026-08-17,gwas_catalog,resolved,2026-08-17T19:02:51Z
100043166,rs1800562,rs1800562,A,0.3226,beta,unit,increase,0.0412,[0.24-0.4],,5.000000000000001e-15,5.000000000000001e-15,diastolic blood pressure,EFO_0006336,35762941,GCST90132904,European,gwas_catalog_2026-08-17,gwas_catalog,resolved,2026-08-17T19:02:51Z
131779662,rs1800562,rs1800562,A,0.3407,beta,unit,increase,0.0294,[0.28-0.4],,4e-31,4e-31,diastolic blood pressure,EFO_0006336,38689001,GCST90310295,"African American or Afro-Caribbean, African unspecified, European",gwas_catalog_2026-08-17,gwas_catalog,resolved,2026-08-17T19:02:51Z
162651797,rs1800562,rs1800562,A,0.034134857,beta,unit,increase,0.0032499454,[0.028-0.041],,8e-26,8e-26,diastolic blood pressure,EFO_0006336,39537608,GCST90449057,European,gwas_catalog_2026-08-17,gwas_catalog,resolved,2026-08-17T19:02:51Z
189906924,rs1800562,rs1800562,A,,,,,,,,4.9999999999999995e-11,4.9999999999999995e-11,linoleic acid measurement,EFO_0006807,40545721,GCST90502004,European,gwas_catalog_2026-08-17,gwas_catalog,resolved,2026-08-17T19:02:51Z
189909982,rs1800562,rs1800562,A,,,,,,,,9e-10,9e-10,linoleic acid measurement,EFO_0006807,40545721,GCST90502010,European,gwas_catalog_2026-08-17,gwas_catalog,resolved,2026-08-17T19:02:51Z
218089286,rs1800562,rs1800562,,,,,,,,,2e-47,2e-47,diabetes mellitus biomarker,EFO_0006842,38627641,GCST90838670,European,gwas_catalog_2026-08-17,gwas_catalog,resolved,2026-08-17T19:02:51Z
62177174,rs1800562,rs1800562,A,0.111,beta,unit,decrease,0.0223,[0.067-0.155],0.925,8e-07,8e-07,"liver disease biomarker, liver fat measurement","EFO_0006845, EFO_0010821",32247823,GCST010418,European,gwas_catalog_2026-08-17,gwas_catalog,resolved,2026-08-17T19:02:51Z
190011925,rs1800562,rs1800562,A,,,,,,,,1e-10,1e-10,docosahexaenoic acid measurement,EFO_0007761,40545721,GCST90502259,European,gwas_catalog_2026-08-17,gwas_catalog,resolved,2026-08-17T19:02:51Z
19262360,rs1800562,rs1800562,A,0.3097,beta,unit,decrease,0.0404,[0.23-0.39],0.058,2e-14,2e-14,hepcidin:ferritin ratio,EFO_0007901,27846281,GCST003944,"European, NR",gwas_catalog_2026-08-17,gwas_catalog,resolved,2026-08-17T19:02:51Z
19262414,rs1800562,rs1800562,A,0.3455,beta,unit,decrease,0.0432,[0.26-0.43],0.0608,1e-15,1e-15,hepcidin:ferritin ratio,EFO_0007901,27846281,GCST003944,"European, NR",gwas_catalog_2026-08-17,gwas_catalog,resolved,2026-08-17T19:02:51Z
63947530,rs1800562,rs1800562,A,0.114374325,beta,unit,increase,0.0043182,[0.11-0.12],0.077059,2e-154,2e-154,reticulocyte count,EFO_0007986,32888494,GCST90002405,European,gwas_catalog_2026-08-17,gwas_catalog,resolved,2026-08-17T19:02:51Z
188105879,rs1800562,rs1800562,A,0.08461401,beta,unit,increase,0.0037103028,[0.077-0.092],0.0780254,6e-122,6e-122,reticulocyte count,EFO_0007986,39789286,GCST90468100,European,gwas_catalog_2026-08-17,gwas_catalog,resolved,2026-08-17T19:02:51Z
64333502,rs1800562,rs1800562,A,0.23842824,beta,unit,decrease,0.004327448,[0.23-0.25],0.076912,0.0,,red cell distribution width,EFO_0009188,32888494,GCST90002404,European,gwas_catalog_2026-08-17,gwas_catalog,resolved,2026-08-17T19:02:51Z
66775107,rs1800562,rs1800562,,0.1666,beta,unit,increase,0.0215,[0.12-0.21],0.947,1e-14,1e-14,red cell distribution width,EFO_0009188,32171239,GCST90012230,"African American or Afro-Caribbean, Asian unspecified, European, Hispanic or Latin American, NR, Native American",gwas_catalog_2026-08-17,gwas_catalog,resolved,2026-08-17T19:02:51Z
66776125,rs1800562,rs1800562,,0.2114,beta,unit,increase,0.0447,[0.12-0.3],0.9385,2e-06,2e-06,red cell distribution width,EFO_0009188,32171239,GCST90012232,European,gwas_catalog_2026-08-17,gwas_catalog,resolved,2026-08-17T19:02:51Z
94042058,rs1800562,rs1800562,A,0.25,beta,unit,decrease,0.03,[0.19-0.31],,6.0000000000000005e-15,6.0000000000000005e-15,red cell distribution width,EFO_0009188,33887194,GCST90093299,"African American or Afro-Caribbean, Asian unspecified, European, Hispanic or Latin American",gwas_catalog_2026-08-17,gwas_catalog,resolved,2026-08-17T19:02:51Z
163232355,rs1800562,rs1800562,G,0.1926,beta,unit,increase,0.005412,[0.18-0.2],0.9349,2e-277,2e-277,red cell distribution width,EFO_0009188,39024449,GCST90476357,European,gwas_catalog_2026-08-17,gwas_catalog,resolved,2026-08-17T19:02:51Z
163431302,rs1800562,rs1800562,G,0.1799,beta,unit,increase,0.006546,[0.17-0.19],0.9496,4e-166,4e-166,red cell distribution width,EFO_0009188,39024449,GCST90480671,"African American or Afro-Caribbean, East Asian, European, Hispanic or Latin American",gwas_catalog_2026-08-17,gwas_catalog,resolved,2026-08-17T19:02:51Z
163432077,rs1800562,rs1800562,G,0.2347,beta,unit,increase,0.007059,[0.22-0.25],0.9496,3e-242,3e-242,red cell distribution width,EFO_0009188,39024449,GCST90480672,"African American or Afro-Caribbean, East Asian, European, Hispanic or Latin American",gwas_catalog_2026-08-17,gwas_catalog,resolved,2026-08-17T19:02:51Z
163433042,rs1800562,rs1800562,G,0.2611,beta,unit,increase,0.007076,[0.25-0.27],0.9496,6e-298,6e-298,red cell distribution width,EFO_0009188,39024449,GCST90480673,"African American or Afro-Caribbean, East Asian, European, Hispanic or Latin American",gwas_catalog_2026-08-17,gwas_catalog,resolved,2026-08-17T19:02:51Z
94089393,rs1800562,rs1800562,A,0.0377,beta,unit,decrease,0.0055,[0.027-0.048],,7e-12,7e-12,cerebellar volume measurement,EFO_0020864,35079123,GCST90020190,European,gwas_catalog_2026-08-17,gwas_catalog,resolved,2026-08-17T19:02:51Z
190016101,rs1800562,rs1800562,A,,,,,,,,3.0000000000000004e-08,3.0000000000000004e-08,docosahexaenoic acid to total fatty acids percentage,EFO_0022262,40545721,GCST90502285,European,gwas_catalog_2026-08-17,gwas_catalog,resolved,2026-08-17T19:02:51Z
188396366,rs1800562,rs1800562,A,0.22071813,beta,unit,decrease,0.009436808,[0.2-0.24],0.07689255,5e-159,5e-159,transferrin receptor protein 1 measurement,EFO_0802142,39789286,GCST90470840,European,gwas_catalog_2026-08-17,gwas_catalog,resolved,2026-08-17T19:02:51Z
118328781,rs1800562,rs1800562,A,0.281777,beta,SD units,increase,0.0132177,[0.26-0.31],0.0776,8e-101,8e-101,immature reticulocyte measurement,EFO_0803545,37596262,GCST90281218,European,gwas_catalog_2026-08-17,gwas_catalog,resolved,2026-08-17T19:02:51Z
163179255,rs1800562,rs1800562,G,0.1505,beta,unit,increase,0.01759,[0.12-0.18],0.9349,2e-18,2e-18,Iron deficiency anemia,HP_0001891,39024449,GCST90475767,European,gwas_catalog_2026-08-17,gwas_catalog,resolved,2026-08-17T19:02:51Z
218946055,rs1800562,rs1800562,,4.12,OR,,,,[3.61-4.71],,4e-71,4e-71,iron metabolism disease,MONDO_0002279,41298473,GCST90837455,"African unspecified, European, Hispanic or Latin American, NR",gwas_catalog_2026-08-17,gwas_catalog,resolved,2026-08-17T19:02:51Z
163180707,rs1800562,rs1800562,G,0.3445,beta,unit,decrease,0.0403,[0.27-0.42],0.9353,7e-17,7e-17,polycythemia,MONDO_0005571,39024449,GCST90475822,European,gwas_catalog_2026-08-17,gwas_catalog,resolved,2026-08-17T19:02:51Z
163387246,rs1800562,rs1800562,G,0.3433,beta,unit,decrease,0.0273,[0.29-0.4],0.9493,1e-17,1e-17,polycythemia,MONDO_0005571,39024449,GCST90479992,"African American or Afro-Caribbean, European, Hispanic or Latin American",gwas_catalog_2026-08-17,gwas_catalog,resolved,2026-08-17T19:02:51Z
35793892,rs1800562,rs1800562,G,1.95,OR,,,,[1.64-2.32],,5e-14,5e-14,"osteoarthritis, hip",MONDO_0006629,30374069,GCST006926,European,gwas_catalog_2026-08-17,gwas_catalog,resolved,2026-08-17T19:02:51Z
106087998,rs1800562,rs1800562,A,1.25,OR,,,0.03,[1.19-1.31],,3e-11,3e-11,metabolic dysfunction-associated steatotic liver disease,MONDO_0013209,37235137,GCST90275041,European,gwas_catalog_2026-08-17,gwas_catalog,resolved,2026-08-17T19:02:51Z
106088035,rs1800562,rs1800562,A,2.19,OR,,,0.1,[1.99-2.39],,3e-16,3e-16,metabolic dysfunction-associated steatotic liver disease,MONDO_0013209,37235137,GCST90275044,European,gwas_catalog_2026-08-17,gwas_catalog,resolved,2026-08-17T19:02:51Z
63944504,rs1800562,rs1800562,A,0.119810864,beta,unit,increase,0.004278547,[0.11-0.13],0.077057,2e-172,2e-172,reticulocyte amount,OBA_0002272,32888494,GCST90002406,European,gwas_catalog_2026-08-17,gwas_catalog,resolved,2026-08-17T19:02:51Z
13902,rs1800562,rs1800562,A,1.41,beta,fl,increase,,[1.13-1.69],,1e-23,1e-23,erythrocyte volume,OBA_0003460,19820697,GCST000498,European,gwas_catalog_2026-08-17,gwas_catalog,resolved,2026-08-17T19:02:51Z
13958,rs1800562,rs1800562,A,0.01,beta,fl,increase,,[0.010-0.014],,1e-46,1e-46,erythrocyte volume,OBA_0003460,19862010,GCST000503,European,gwas_catalog_2026-08-17,gwas_catalog,resolved,2026-08-17T19:02:51Z
96125778,rs1800562,rs1800562,A,1.09,beta,unit,increase,,[NR],0.06,6e-07,6e-07,erythrocyte volume,OBA_0003460,20927387,GCST000814,European,gwas_catalog_2026-08-17,gwas_catalog,resolved,2026-08-17T19:02:51Z
64091035,rs1800562,rs1800562,A,0.281596,beta,unit,increase,0.00383066,[0.27-0.29],0.076914,0.0,,erythrocyte volume,OBA_0003460,32888494,GCST90002392,European,gwas_catalog_2026-08-17,gwas_catalog,resolved,2026-08-17T19:02:51Z
64408347,rs1800562,rs1800562,A,0.16774651,beta,unit,increase,0.004379185,[0.16-0.18],0.07707,2e-320,2e-320,erythrocyte volume,OBA_0003460,32888494,GCST90002397,European,gwas_catalog_2026-08-17,gwas_catalog,resolved,2026-08-17T19:02:51Z
66769871,rs1800562,rs1800562,,0.9309,beta,unit,decrease,0.0955,[0.74-1.12],0.947,2e-22,2e-22,erythrocyte volume,OBA_0003460,32171239,GCST90012222,"African American or Afro-Caribbean, Asian unspecified, European, Hispanic or Latin American, NR, Native American",gwas_catalog_2026-08-17,gwas_catalog,resolved,2026-08-17T19:02:51Z
66771534,rs1800562,rs1800562,,0.9763,beta,unit,decrease,0.1049,[0.77-1.18],0.9385,1e-20,1e-20,erythrocyte volume,OBA_0003460,32171239,GCST90012224,European,gwas_catalog_2026-08-17,gwas_catalog,resolved,2026-08-17T19:02:51Z
94041667,rs1800562,rs1800562,A,1.1,beta,unit,increase,0.09,[0.92-1.28],,2e-32,2e-32,erythrocyte volume,OBA_0003460,33887194,GCST90093297,"African American or Afro-Caribbean, Asian unspecified, European, Hispanic or Latin American",gwas_catalog_2026-08-17,gwas_catalog,resolved,2026-08-17T19:02:51Z
188080444,rs1800562,rs1800562,A,0.1072714,beta,unit,increase,0.003697424,[0.1-0.11],0.0780254,8e-198,8e-198,erythrocyte volume,OBA_0003460,39789286,GCST90468089,European,gwas_catalog_2026-08-17,gwas_catalog,resolved,2026-08-17T19:02:51Z
188239723,rs1800562,rs1800562,A,0.11120285,beta,unit,decrease,0.011180042,[0.089-0.133],0.07689255,1e-25,1e-25,erythropoietin amount,OBA_1001000,39789286,GCST90469136,European,gwas_catalog_2026-08-17,gwas_catalog,resolved,2026-08-17T19:02:51Z
98447719,rs1800562,rs1800562,,,,,,,,,9e-27,9e-27,brain attribute,OBA_2045210,35505052,GCST90131905,"European, NR",gwas_catalog_2026-08-17,gwas_catalog,resolved,2026-08-17T19:02:51Z
118326003,rs1800562,rs1800562,A,0.326577,beta,SD units,increase,0.0132416,[0.3-0.35],0.0774,3e-134,3e-134,erythrocyte attribute,OBA_2045276,37596262,GCST90281204,European,gwas_catalog_2026-08-17,gwas_catalog,resolved,2026-08-17T19:02:51Z
118326352,rs1800562,rs1800562,A,0.204448,beta,SD units,decrease,0.0136794,[0.18-0.23],0.0784,2e-50,2e-50,erythrocyte attribute,OBA_2045276,37596262,GCST90281206,European,gwas_catalog_2026-08-17,gwas_catalog,resolved,2026-08-17T19:02:51Z
118326713,rs1800562,rs1800562,A,0.247843,beta,SD units,decrease,0.0129649,[0.22-0.27],0.0775,2e-81,2e-81,erythrocyte attribute,OBA_2045276,37596262,GCST90281209,European,gwas_catalog_2026-08-17,gwas_catalog,resolved,2026-08-17T19:02:51Z
118327626,rs1800562,rs1800562,A,0.310101,beta,SD units,increase,0.0131859,[0.28-0.34],0.0776,3e-122,3e-122,erythrocyte attribute,OBA_2045276,37596262,GCST90281213,European,gwas_catalog_2026-08-17,gwas_catalog,resolved,2026-08-17T19:02:51Z
118329047,rs1800562,rs1800562,A,0.157624,beta,SD units,increase,0.0130037,[0.13-0.18],0.0776,8e-34,8e-34,erythrocyte attribute,OBA_2045276,37596262,GCST90281221,European,gwas_catalog_2026-08-17,gwas_catalog,resolved,2026-08-17T19:02:51Z
166066002,rs1800562,rs1800562,G,0.10936,beta,unit,decrease,0.013428,[0.083-0.136],,6.999999999999999e-16,6.999999999999999e-16,amount of iron in brain,OBA_2045560,38789058,GCST90551859,European,gwas_catalog_2026-08-17,gwas_catalog,resolved,2026-08-17T19:02:51Z
166066355,rs1800562,rs1800562,G,0.186944,beta,unit,decrease,0.012744,[0.16-0.21],,2e-50,2e-50,amount of iron in brain,OBA_2045560,38789058,GCST90551863,European,gwas_catalog_2026-08-17,gwas_catalog,resolved,2026-08-17T19:02:51Z
166066715,rs1800562,rs1800562,G,0.187279,beta,unit,increase,0.012893,[0.16-0.21],,2e-50,2e-50,amount of iron in brain,OBA_2045560,38789058,GCST90551864,European,gwas_catalog_2026-08-17,gwas_catalog,resolved,2026-08-17T19:02:51Z
166067644,rs1800562,rs1800562,G,0.12158,beta,unit,increase,0.0128961,[0.096-0.147],,1e-21,1e-21,amount of iron in brain,OBA_2045560,38789058,GCST90551868,European,gwas_catalog_2026-08-17,gwas_catalog,resolved,2026-08-17T19:02:51Z
166068106,rs1800562,rs1800562,G,0.250862,beta,unit,decrease,0.0121341,[0.23-0.27],,2e-98,2e-98,amount of iron in brain,OBA_2045560,38789058,GCST90551869,European,gwas_catalog_2026-08-17,gwas_catalog,resolved,2026-08-17T19:02:51Z
166068701,rs1800562,rs1800562,G,0.251991,beta,unit,increase,0.012631,[0.23-0.28],,2e-95,2e-95,amount of iron in brain,OBA_2045560,38789058,GCST90551870,European,gwas_catalog_2026-08-17,gwas_catalog,resolved,2026-08-17T19:02:51Z
166069175,rs1800562,rs1800562,G,0.124342,beta,unit,decrease,0.0129313,[0.099-0.15],,1e-23,1e-23,amount of iron in brain,OBA_2045560,38789058,GCST90551871,European,gwas_catalog_2026-08-17,gwas_catalog,resolved,2026-08-17T19:02:51Z
166069586,rs1800562,rs1800562,G,0.115122,beta,unit,increase,0.0132577,[0.089-0.141],,5e-18,5e-18,amount of iron in brain,OBA_2045560,38789058,GCST90551872,European,gwas_catalog_2026-08-17,gwas_catalog,resolved,2026-08-17T19:02:51Z
166070000,rs1800562,rs1800562,G,0.171132,beta,unit,increase,0.0129906,[0.15-0.2],,2e-39,2e-39,amount of iron in brain,OBA_2045560,38789058,GCST90551874,European,gwas_catalog_2026-08-17,gwas_catalog,resolved,2026-08-17T19:02:51Z
69091411,rs1800562,rs1800562,A,0.27,beta,SD,increase,,[0.26-0.29],0.0677,4e-276,4e-276,serum iron amount,OBA_2050055,33536631,GCST011367,European,gwas_catalog_2026-08-17,gwas_catalog,resolved,2026-08-17T19:02:51Z
163105372,rs1800562,rs1800562,G,0.3225,beta,unit,decrease,0.04226,[0.24-0.41],0.9746,2e-14,2e-14,serum iron amount,OBA_2050055,39024449,GCST90475397,Hispanic or Latin American,gwas_catalog_2026-08-17,gwas_catalog,resolved,2026-08-17T19:02:51Z
163105419,rs1800562,rs1800562,G,0.3425,beta,unit,decrease,0.01018,[0.32-0.36],0.9335,5.9999999999999995e-248,5.9999999999999995e-248,serum iron amount,OBA_2050055,39024449,GCST90475399,European,gwas_catalog_2026-08-17,gwas_catalog,resolved,2026-08-17T19:02:51Z
163105456,rs1800562,rs1800562,G,0.3144,beta,unit,decrease,0.04191,[0.23-0.4],0.9748,6e-14,6e-14,serum iron amount,OBA_2050055,39024449,GCST90475400,Hispanic or Latin American,gwas_catalog_2026-08-17,gwas_catalog,resolved,2026-08-17T19:02:51Z
163105514,rs1800562,rs1800562,G,0.3354,beta,unit,decrease,0.01024,[0.32-0.36],0.9335,2e-235,2e-235,serum iron amount,OBA_2050055,39024449,GCST90475402,European,gwas_catalog_2026-08-17,gwas_catalog,resolved,2026-08-17T19:02:51Z
163105595,rs1800562,rs1800562,G,0.2492,beta,unit,decrease,0.01013,[0.23-0.27],0.9334,1e-133,1e-133,serum iron amount,OBA_2050055,39024449,GCST90475405,European,gwas_catalog_2026-08-17,gwas_catalog,resolved,2026-08-17T19:02:51Z
163345154,rs1800562,rs1800562,G,0.3313,beta,unit,decrease,0.009922,[0.31-0.35],0.9509,3e-244,3e-244,serum iron amount,OBA_2050055,39024449,GCST90479653,"African American or Afro-Caribbean, East Asian, European, Hispanic or Latin American",gwas_catalog_2026-08-17,gwas_catalog,resolved,2026-08-17T19:02:51Z
163345222,rs1800562,rs1800562,G,0.3257,beta,unit,decrease,0.01006,[0.31-0.35],0.9509,1e-229,1e-229,serum iron amount,OBA_2050055,39024449,GCST90479654,"African American or Afro-Caribbean, East Asian, European, Hispanic or Latin American",gwas_catalog_2026-08-17,gwas_catalog,resolved,2026-08-17T19:02:51Z
163345291,rs1800562,rs1800562,G,0.2441,beta,unit,decrease,0.009886,[0.22-0.26],0.9508,2e-134,2e-134,serum iron amount,OBA_2050055,39024449,GCST90479655,"African American or Afro-Caribbean, East Asian, European, Hispanic or Latin American",gwas_catalog_2026-08-17,gwas_catalog,resolved,2026-08-17T19:02:51Z
90541244,rs1800562,rs1800562,,0.0055,beta,unit,increase,0.0008,[0.0039-0.0071],,3.0000000000000004e-09,3.0000000000000004e-09,serum alanine aminotransferase amount,OBA_2050062,34315874,GCST90013663,"African unspecified, Asian unspecified, East Asian, European",gwas_catalog_2026-08-17,gwas_catalog,resolved,2026-08-17T19:02:51Z
18753,rs1800562,rs1800562,,0.389,beta,ng/ml,increase,,[0.24-0.54],,3e-07,3e-07,serum hepcidin amount,OBA_2050089,21785125,GCST001174,European,gwas_catalog_2026-08-17,gwas_catalog,resolved,2026-08-17T19:02:51Z
18754,rs1800562,rs1800562,,0.442,beta,ng/ml,increase,,[0.29-0.59],,4e-09,4e-09,serum hepcidin amount,OBA_2050089,21785125,GCST001174,European,gwas_catalog_2026-08-17,gwas_catalog,resolved,2026-08-17T19:02:51Z
18755,rs1800562,rs1800562,,0.51,beta,ng/ml,decrease,,[0.36-0.66],,4.9999999999999995e-11,4.9999999999999995e-11,serum hepcidin amount,OBA_2050089,21785125,GCST001174,European,gwas_catalog_2026-08-17,gwas_catalog,resolved,2026-08-17T19:02:51Z
18756,rs1800562,rs1800562,,0.61,beta,ng/ml,increase,,[0.46-0.76],,3.0000000000000002e-15,3.0000000000000002e-15,serum hepcidin amount,OBA_2050089,21785125,GCST001174,European,gwas_catalog_2026-08-17,gwas_catalog,resolved,2026-08-17T19:02:51Z
188214279,rs1800562,rs1800562,A,0.16307986,beta,unit,increase,0.011459372,[0.14-0.19],0.07689255,1e-49,1e-49,"level of oxygen-dependent coproporphyrinogen-III oxidase, mitochondrial in blood",OBA_2050576,39789286,GCST90468844,European,gwas_catalog_2026-08-17,gwas_catalog,resolved,2026-08-17T19:02:51Z
221152370,rs1800562,rs1800562,,0.0765775,beta,unit,increase,0.0096804,[0.058-0.096],,3.0000000000000002e-15,3.0000000000000002e-15,amount of cadherin-2 (human) in blood,OBA_2052351,42097137,GCST90860396,European,gwas_catalog_2026-08-17,gwas_catalog,resolved,2026-08-17T19:02:51Z
221140963,rs1800562,rs1800562,,0.0746321,beta,unit,increase,0.0090572,[0.057-0.092],,2e-16,2e-16,amount of interleukin-1 receptor-like 2 (human) in blood,OBA_2052822,42097137,GCST90859762,European,gwas_catalog_2026-08-17,gwas_catalog,resolved,2026-08-17T19:02:51Z
190055303,rs1800562,rs1800562,A,,,,,,,,2e-10,2e-10,fatty acid amount,OBA_VT0010046,40545721,GCST90502451,European,gwas_catalog_2026-08-17,gwas_catalog,resolved,2026-08-17T19:02:51Z
rs199916850:not_found,rs199916850,rs199916850,,,,,,,,,,,,,,,,gwas_catalog_2026-08-17,gwas_catalog,not_found,2026-08-17T19:02:51Z
rs573745685:not_found,rs573745685,rs573745685,,,,,,,,,,,,,,,,gwas_catalog_2026-08-17,gwas_catalog,not_found,2026-08-17T19:02:51Z
rs749553271:not_found,rs749553271,rs749553271,,,,,,,,,,,,,,,,gwas_catalog_2026-08-17,gwas_catalog,not_found,2026-08-17T19:02:51Z
rs759524388:not_found,rs759524388,rs759524388,,,,,,,,,,,,,,,,gwas_catalog_2026-08-17,gwas_catalog,not_found,2026-08-17T19:02:51Z
rs765804978:not_found,rs765804978,rs765804978,,,,,,,,,,,,,,,,gwas_catalog_2026-08-17,gwas_catalog,not_found,2026-08-17T19:02:51Z
rs776994377:not_found,rs776994377,rs776994377,,,,,,,,,,,,,,,,gwas_catalog_2026-08-17,gwas_catalog,not_found,2026-08-17T19:02:51Z
