rsid,chrom,start,ref,pmid
rs776994377,,,,16199547
rs776994377,,,,27518069
rs776994377,,,,28492532
rs759524388,,,,11903354
rs759524388,,,,22890139
rs759524388,,,,25741868
rs765804978,,,,25741868
rs765804978,,,,27518069
rs765804978,,,,28492532
rs199916850,,,,18042412
rs199916850,,,,21228038
rs199916850,,,,25741868
,6,26091590,G,10348824
,6,26091590,G,16199547
,6,26091590,G,25741868
rs1256311452,,,,25741868
rs1256311452,,,,27518069
rs1256311452,,,,28492532
rs1800562,,,,10381492
rs1800562,,,,10401000
rs1800562,,,,10431233
rs111033563,,,,12737937
rs111033563,,,,15965644
rs111033563,,,,25741868
rs749553271,,,,10381492
rs749553271,,,,10557317
rs749553271,,,,10930379
rs573745685,,,,11875012
rs573745685,,,,17240320
rs573745685,,,,17576681
rs1199530060,,,,21228038
rs1199530060,,,,25741868
rs1199530060,,,,27518069
