rsid,chrom,start,ref,alts,genotype,weight,state,conclusion,negatives,priority,gene,phenotype,category,clinvar,pathogenic,benign,curator,method,direction,stat_significance,effect_size,effect_measure,effect_allele,flags,trait_efo_id,clin_sig,requires_callable,acmg_sf,actionability,callable_from
rs776994377,,,,,C/C,,risk,"Two pathogenic HFE alleles — the genotype HFE-related haemochromatosis type 1 is described for. Penetrance is incomplete: biochemical iron overload is common, clinical disease is not. (ClinVar: likely_pathogenic (2★))",,,HFE,Alzheimer disease type 1|Hereditary hemochromatosis,,true,true,,,,risk,,,,,,,likely_pathogenic,,,,
rs759524388,,,,,T/T,,risk,"Two pathogenic HFE alleles — the genotype HFE-related haemochromatosis type 1 is described for. Penetrance is incomplete: biochemical iron overload is common, clinical disease is not. (ClinVar: pathogenic (2★))",,,HFE,Hemochromatosis type 1|Hereditary hemochromatosis,,true,true,,,,risk,,,,,,,pathogenic,,,,
rs765804978,,,,,A/A,,risk,"Two pathogenic HFE alleles — the genotype HFE-related haemochromatosis type 1 is described for. Penetrance is incomplete: biochemical iron overload is common, clinical disease is not. (ClinVar: pathogenic (2★))",,,HFE,"Microvascular complications of diabetes, susceptibility to, 7|Variegate porphyria|Alzheimer disease type 1|Hemochromatosis type 1|TRANSFERRIN SERUM LEVEL QUANTITATIVE TRAIT LOCUS 2|Familial porphyria cutanea tarda|Hereditary hemochromatosis",,true,true,,,,risk,,,,,,,pathogenic,,,,
rs199916850,,,,,C/C,,risk,"Two pathogenic HFE alleles — the genotype HFE-related haemochromatosis type 1 is described for. Penetrance is incomplete: biochemical iron overload is common, clinical disease is not. (ClinVar: pathogenic (2★))",,,HFE,Hereditary hemochromatosis|Hemochromatosis type 1,,true,true,,,,risk,,,,,,,pathogenic,,,,
,6,26091590,G,A,A/A,,risk,"Two pathogenic HFE alleles — the genotype HFE-related haemochromatosis type 1 is described for. Penetrance is incomplete: biochemical iron overload is common, clinical disease is not. (ClinVar: pathogenic (2★))",,,HFE,Hemochromatosis type 1|Hereditary hemochromatosis|Juvenile hemochromatosis,,true,true,,,,risk,,,,,,,pathogenic,,,,
,6,26091590,G,T,T/T,,risk,"Two pathogenic HFE alleles — the genotype HFE-related haemochromatosis type 1 is described for. Penetrance is incomplete: biochemical iron overload is common, clinical disease is not. (ClinVar: pathogenic (2★))",,,HFE,Hemochromatosis type 1|Hereditary hemochromatosis,,true,true,,,,risk,,,,,,,pathogenic,,,,
rs1256311452,,,,,T/T,,risk,"Two pathogenic HFE alleles — the genotype HFE-related haemochromatosis type 1 is described for. Penetrance is incomplete: biochemical iron overload is common, clinical disease is not. (ClinVar: pathogenic (2★))",,,HFE,Hemochromatosis type 1|Hereditary hemochromatosis,,true,true,,,,risk,,,,,,,pathogenic,,,,
rs1800562,,,,,A/A,,risk,"Two pathogenic HFE alleles — the genotype HFE-related haemochromatosis type 1 is described for. Penetrance is incomplete: biochemical iron overload is common, clinical disease is not. (ClinVar: pathogenic (2★))",,,HFE,"Variegate porphyria|Alzheimer disease type 1|Microvascular complications of diabetes, susceptibility to, 7|Familial porphyria cutanea tarda|Hemochromatosis type 1|TRANSFERRIN SERUM LEVEL QUANTITATIVE TRAIT LOCUS 2|Bronze diabetes|HFE-related disorder|Pain|Abdominal pain|Peripheral neuropathy|Abnormal peripheral nervous system morphology|Atypical behavior|Abnormality of the nervous system|Abnormality of the male genitalia|Juvenile hemochromatosis|Hereditary cancer-predisposing syndrome|Hereditary hemochromatosis|Neuroendocrine neoplasm|Inborn genetic diseases|not provided|Cardiomyopathy|Porphyrinuria|Cutaneous photosensitivity",,true,true,,,,risk,,,,,,,pathogenic,,,,
rs111033563,,,,,C/C,,risk,"Two pathogenic HFE alleles — the genotype HFE-related haemochromatosis type 1 is described for. Penetrance is incomplete: biochemical iron overload is common, clinical disease is not. (ClinVar: pathogenic (2★))",,,HFE,Hemochromatosis type 1|Hereditary hemochromatosis|not provided|Incidental Discovery,,true,true,,,,risk,,,,,,,pathogenic,,,,
rs749553271,,,,,T/T,,risk,"Two pathogenic HFE alleles — the genotype HFE-related haemochromatosis type 1 is described for. Penetrance is incomplete: biochemical iron overload is common, clinical disease is not. (ClinVar: pathogenic (2★))",,,HFE,Hereditary hemochromatosis|Hemochromatosis type 1,,true,true,,,,risk,,,,,,,pathogenic,,,,
rs573745685,,,,,A/A,,risk,"Two pathogenic HFE alleles — the genotype HFE-related haemochromatosis type 1 is described for. Penetrance is incomplete: biochemical iron overload is common, clinical disease is not. (ClinVar: pathogenic (2★))",,,HFE,"not provided|Microvascular complications of diabetes, susceptibility to, 7|Variegate porphyria|Alzheimer disease type 1|Hemochromatosis type 1|TRANSFERRIN SERUM LEVEL QUANTITATIVE TRAIT LOCUS 2|Familial porphyria cutanea tarda|Hereditary hemochromatosis",,true,true,,,,risk,,,,,,,pathogenic,,,,
rs1199530060,,,,,G/G,,risk,"Two pathogenic HFE alleles — the genotype HFE-related haemochromatosis type 1 is described for. Penetrance is incomplete: biochemical iron overload is common, clinical disease is not. (ClinVar: pathogenic (2★))",,,HFE,Hereditary hemochromatosis|Hemochromatosis type 1,,true,true,,,,risk,,,,,,,pathogenic,,,,
rs1800562,,,,,A/G,,neutral,"One pathogenic HFE allele (C282Y heterozygote) — a carrier. Not expected to cause iron overload on its own; clin_sig still describes the allele, not this genotype.",,,HFE,"Variegate porphyria|Alzheimer disease type 1|Microvascular complications of diabetes, susceptibility to, 7|Familial porphyria cutanea tarda|Hemochromatosis type 1|TRANSFERRIN SERUM LEVEL QUANTITATIVE TRAIT LOCUS 2|Bronze diabetes|HFE-related disorder|Pain|Abdominal pain|Peripheral neuropathy|Abnormal peripheral nervous system morphology|Atypical behavior|Abnormality of the nervous system|Abnormality of the male genitalia|Juvenile hemochromatosis|Hereditary cancer-predisposing syndrome|Hereditary hemochromatosis|Neuroendocrine neoplasm|Inborn genetic diseases|not provided|Cardiomyopathy|Porphyrinuria|Cutaneous photosensitivity",,true,true,,,,neutral,,,,,,,pathogenic,,,,
