molecular_profile	molecular_profile_id	disease	doid	phenotypes	therapies	therapy_interaction_type	evidence_type	evidence_direction	evidence_level	significance	evidence_statement	citation_id	source_type	asco_abstract_id	citation	nct_ids	rating	evidence_status	evidence_id	variant_origin	last_review_date	evidence_civic_url	molecular_profile_civic_url	is_flagged
VHL R167Q (c.500G>A)	1615	Von Hippel-Lindau Disease	14175	Cerebellar hemangioblastoma,Pancreatic endocrine tumor,Pheochromocytoma,Renal cell carcinoma,Retinal capillary hemangioma			Predisposing	Supports	C	Predisposition	In a study of 114 unrelated VHL families, 85 germline mutations were found. VHL mutations were detected in affected family members, but not in unaffected family members or 96 normal individuals. The p.R167Q (c.500G>A) mutation was detected in the patient, referred to in the paper by c.713G>A due to a difference in transcript sequence. This missense mutation was found in six VHL type 2 families (including one family with 9 affected individuals) and one VHL type 1 family totaling 23 individuals altogether (family IDs 4421, 3718, 3767, 3493, 3731, 3517, 3739). Twelve of 23 individuals had retinal hemangioblastomas, 12 carried cerebellar hemangioblastomas, 8 carried renal cell carcinoma and 12 carried pheochromocytomas. An update of family 3493 by Walther et al., 1999 also found PNET, although how many members were affected was not available.	7728151	PubMed		Chen et al., 1995		4	accepted	4913	Rare Germline	2026-05-26 03:31:02 UTC	https://civicdb.org/links/evidence_items/4913	https://civicdb.org/links/molecular_profiles/1615	false
VHL L118fs (c.352_353insA)	1717	Von Hippel-Lindau Disease	14175				Predisposing	Supports	C	Predisposition	Germline mutations were found in all 93 families that fulfilled clinical criteria of VHL disease. Mutations predicted to inactivate the VHL protein were associated with renal cell carcinoma and hemangioblastomas of the central nervous system (VHL type 1); mutations predicted to produce full length VHL proteins were associated with pheochromocytoma (VHL type 2). This mutation causes stop codon at amino acid 131 and was found in a VHL type 1 family (lineage 13). This provides strong evidence of pathogenicity as it is a null variant in a gene where loss of function is a known mechanism of disease (ACMG code: PVS1). Relevant HPO terms: hemangioblastoma, Renal cell carcinoma, Pheochromocytoma.	9829911	PubMed		Stolle et al., 1998		3	accepted	5045	Rare Germline	2023-02-03 17:57:34 UTC	https://civicdb.org/links/evidence_items/5045	https://civicdb.org/links/molecular_profiles/1717	false
BRCA1 P968FS	473	Breast Cancer	1612				Predisposing	Supports	C	Predisposition	A 55-year-old non-Ashkenazi Spanish female diagnosed with breast cancer (at 51 years old) and ovarian cancer. Sequencing of BRCA1 and BRCA2 revealed a 2-base frameshift insertion in BRCA1 (labeled 3020insCT/c.2901insCT in this paper, with the data shown corresponding to a GA insertion, reading left to right in the reference genome, between chr17:43092628-43092629 in GRCh38). This mutation ultimately causes a downstream premature stop codon and truncated BRCA1.	24137399	PubMed		Salgado et al., 2013		4	accepted	1123	Rare Germline	2023-03-30 18:54:44 UTC	https://civicdb.org/links/evidence_items/1123	https://civicdb.org/links/molecular_profiles/473	false
BRCA1 P968FS	473	Ovarian Cancer	2394				Predisposing	Supports	C	Predisposition	A 55-year-old non-Ashkenazi Spanish female diagnosed with breast cancer (at 51 years old) and ovarian cancer. Sequencing of BRCA1 and BRCA2 revealed a 2-base frameshift insertion in BRCA1 (labeled 3020insCT/c.2901insCT in this paper, with the data shown corresponding to a GA insertion, reading left to right in the reference genome, between chr17:43092628-43092629 in GRCh38). This mutation ultimately causes a downstream premature stop codon and truncated BRCA1.	24137399	PubMed		Salgado et al., 2013		4	accepted	1124	Rare Germline	2023-03-30 18:57:10 UTC	https://civicdb.org/links/evidence_items/1124	https://civicdb.org/links/molecular_profiles/473	false
BRCA2 D3095E	657	Breast Cancer	1612				Predisposing	Supports	C	Predisposition	49-year old woman diagnosed with breast cancer was assessed for BRCA2 mutations. Algorithms including Align-GVGD predicted pathogenicity, however PolyPhen predicted that this variant was benign. The author’s assessment of the factors predicts a pathogenicity probability of 0.73 and an Odds Ratio of 2.7.	18951446	PubMed		Plon et al., 2008		3	accepted	1679	Rare Germline	2023-03-30 19:20:21 UTC	https://civicdb.org/links/evidence_items/1679	https://civicdb.org/links/molecular_profiles/657	false
VHL A56fs (c.164_165insA)	771	Von Hippel-Lindau Disease	14175				Predisposing	Supports	C	Predisposition	A variants resulting in A56G frameshift (with stop introduced at position 131) was observed in a single patient of a VHL family. (family #146 in the publication). Neither the VHL phenotype details or segregation data were provided by this publication. Since this is a frameshift occurring early in the protein sequence we can assign an ACMG evidence code of 'PVS1'.	7987306	PubMed		Crossey et al., 1994		2	accepted	1857	Rare Germline	2023-01-12 06:02:11 UTC	https://civicdb.org/links/evidence_items/1857	https://civicdb.org/links/molecular_profiles/771	false
VHL E55* (c.163G>T)	1612	Von Hippel-Lindau Disease	14175	Retinal detachment,Retinal capillary hemangioma,Renal cell carcinoma			Predisposing	Supports	C	Predisposition	Genetic analysis of 7 Hungarian individuals from 5 unrelated families affected with type von Hippel-Lindau disease revealed 5 different mutations, 3 of which were novel. The mutations could not be found within 100 healthy controls. One germline truncation mutation was found in a 15-year-old male patient with bilateral renal cell carcinoma and retinal hemangioblastoma with serious retinal detachment. Neither of his parents displayed any mutations in the VHL gene indicating a de novo mutation. ACMG evidence codes: 'PS2' because they observe a de novo mutation (maternity and paternity confirmed), 'PP4' because the patient's phenotypes or family history are highly specific for a disease with single genetic etiology, 'PVS1' because they observe a nonsense variant in a gene where loss of function is a known mechanism of disease. Relevant HPO terms: Renal cell carcinoma, Retinal hemangioblastoma	23298237	PubMed		Losonczy et al., 2013		3	accepted	4898	Rare Germline	2023-08-25 16:59:57 UTC	https://civicdb.org/links/evidence_items/4898	https://civicdb.org/links/molecular_profiles/1612	false
CHEK2 Loss-of-function	227	Cancer	162				Predisposing	Supports	B	Predisposition	Heterozygous germline truncating (frameshift) and missense mutations confer highly penetrant predisposition to multiple cancer types including sarcoma, breast cancer, and brain tumors. Screening of individuals with Li-Fraumeni syndrome but lacking TP53 mutations identified 1/4 classical and 2/18 LFS variant presentation. This included 1 large family pedigree with strong co-segregation of the mutation with cancer development.	10617473	PubMed		Bell et al., 1999		5	accepted	531	Rare Germline	2023-02-07 20:29:12 UTC	https://civicdb.org/links/evidence_items/531	https://civicdb.org/links/molecular_profiles/227	false
TERT RS2736100	417	Brain Glioma	0060108				Predisposing	Supports	B	Predisposition	Meta-analysis of 10 studies (9,411 patients, 13,708 controls) showed that TERT polymorphisms (rs2736100) were associated with an increased glioma risk (RR=1.28, 95% CI 1.23-1.33).	26765760	PubMed		Yuan et al., 2016		2	accepted	980	Common Germline	2024-05-24 18:34:30 UTC	https://civicdb.org/links/evidence_items/980	https://civicdb.org/links/molecular_profiles/417	false
JAK2 V617F	64	Lymphoid Leukemia	1037				Diagnostic	Supports	B	Negative	JAK2 V617F is not associated with lymphoid leukemia (B-lineage ALL, T-ALL or CLL).	16081687	PubMed		Levine et al., 2005		4	accepted	1	Somatic	2023-01-09 21:46:26 UTC	https://civicdb.org/links/evidence_items/1	https://civicdb.org/links/molecular_profiles/64	false
PDGFRA D842V	99	Gastrointestinal Stromal Tumor	9253				Diagnostic	Supports	B	Negative	GIST tumors harboring PDGFRA D842V mutation are more likely to be benign than malignant.	15146165	PubMed		Lasota et al., 2004		3	accepted	2	Somatic	2023-01-09 21:46:27 UTC	https://civicdb.org/links/evidence_items/2	https://civicdb.org/links/molecular_profiles/99	false
TSC1 R1062W	695	Tuberous Sclerosis	13515				Predisposing	Supports	C	Uncertain Significance	Deep sequencing of TSC1 and TSC2 was performed on blood from a group of 38 sporadic Tuberous Sclerosis patients who had been previously studied with no mutation identified in TSC1 or TSC2. Five patients had readily observable mutations in these genes, one of which was a previously unidentified TSC1 missense change R1062W. The authors indicate that the mutation may not be pathogenic.	20165957	PubMed		Qin et al., 2010		2	accepted	1768	Rare Germline	2023-01-09 21:46:37 UTC	https://civicdb.org/links/evidence_items/1768	https://civicdb.org/links/molecular_profiles/695	false
VHL E55RfsTer11 (c.163delG)	747	Von Hippel-Lindau Disease	14175	Renal cell carcinoma,Retinal capillary hemangioma,Hemangioblastoma			Predisposing	Supports	C	Uncertain Significance	This is a frameshift mutation that results in a stop at codon 66. Family 3682 in this publication, variant segregates with disease. VHL Type 1 disease is reported: CNS tumors, retinal angioma, renal cell carcinoma but no pheochromocytoma	8956040	PubMed		Zbar et al., 1996		3	accepted	1830	Rare Germline	2023-01-09 21:46:37 UTC	https://civicdb.org/links/evidence_items/1830	https://civicdb.org/links/molecular_profiles/747	false
MTHFR A222V	254	Prostate Adenocarcinoma	2526				Predisposing	Supports	B	Protectiveness	Study of 1817 prostate adenocarcinoma cases and 2026 cancer free controls to clarify the association of (MTHFR)c.677C>T (and c.1298A>C ) of prostate cancer risk in a population of Han Chinese in Shanghai. Results indicated a lower risk for the heterozygous CT genotype and homozygous TT genotype carriers of (MTHFR)c.677C>T which had a significantly lower risk of developing prostate cancer compared with the wild-type CC genotype.	27819322	PubMed		Wu et al., 2016		4	accepted	1756	Common Germline	2026-02-12 20:46:16 UTC	https://civicdb.org/links/evidence_items/1756	https://civicdb.org/links/molecular_profiles/254	false
ALK F1174L AND RANBP2::ALK Fusion	5969	Inflammatory Myofibroblastic Tumor	0050905		Crizotinib		Predictive	Supports	C	Predisposition	In a patient with RANBP2::ALK-positive inflammatory myofibroblastic tumor, acquisition of the ALK F1174L mutation following crizotinib treatment was associated with acquired resistance. Ba/F3 studies confirmed that the F1174L mutation reduced sensitivity to crizotinib.	21030459	PubMed		Sasaki et al., 2010		3	accepted	32	Rare Germline	2026-07-29 21:05:53 UTC	https://civicdb.org/links/evidence_items/32	https://civicdb.org/links/molecular_profiles/5969	false
VHL R167Q (c.500G>A)	1615	Von Hippel-Lindau Disease	14175	Cerebellar hemangioblastoma,Pancreatic endocrine tumor,Pheochromocytoma,Renal cell carcinoma,Retinal capillary hemangioma			Predisposing	Does Not Support	C	Predisposition	In a study of 114 unrelated VHL families, 85 germline mutations were found. VHL mutations were detected in affected family members, but not in unaffected family members or 96 normal individuals. The p.R167Q (c.500G>A) mutation was detected in the patient, referred to in the paper by c.713G>A due to a difference in transcript sequence. This missense mutation was found in six VHL type 2 families (including one family with 9 affected individuals) and one VHL type 1 family totaling 23 individuals altogether (family IDs 4421, 3718, 3767, 3493, 3731, 3517, 3739). Twelve of 23 individuals had retinal hemangioblastomas, 12 carried cerebellar hemangioblastomas, 8 carried renal cell carcinoma and 12 carried pheochromocytomas. An update of family 3493 by Walther et al., 1999 also found PNET, although how many members were affected was not available.	7728151	PubMed		Chen et al., 1995		4	accepted	9999901	Rare Germline	2026-05-26 03:31:02 UTC	https://civicdb.org/links/evidence_items/4913	https://civicdb.org/links/molecular_profiles/1615	false
VHL R167Q (c.500G>A)	1615	Von Hippel-Lindau Disease	14175	Cerebellar hemangioblastoma,Pancreatic endocrine tumor,Pheochromocytoma,Renal cell carcinoma,Retinal capillary hemangioma			Predisposing	Does Not Support	C	Protectiveness	In a study of 114 unrelated VHL families, 85 germline mutations were found. VHL mutations were detected in affected family members, but not in unaffected family members or 96 normal individuals. The p.R167Q (c.500G>A) mutation was detected in the patient, referred to in the paper by c.713G>A due to a difference in transcript sequence. This missense mutation was found in six VHL type 2 families (including one family with 9 affected individuals) and one VHL type 1 family totaling 23 individuals altogether (family IDs 4421, 3718, 3767, 3493, 3731, 3517, 3739). Twelve of 23 individuals had retinal hemangioblastomas, 12 carried cerebellar hemangioblastomas, 8 carried renal cell carcinoma and 12 carried pheochromocytomas. An update of family 3493 by Walther et al., 1999 also found PNET, although how many members were affected was not available.	7728151	PubMed		Chen et al., 1995		4	accepted	9999902	Rare Germline	2026-05-26 03:31:02 UTC	https://civicdb.org/links/evidence_items/4913	https://civicdb.org/links/molecular_profiles/1615	false
