name	molecular_profile_id	summary	variant_ids	variants_civic_url	evidence_score	evidence_item_ids	evidence_items_civic_url	assertion_ids	assertions_civic_url	aliases	last_review_date	is_flagged
JAK2 V617F	64	JAK2 V617F is a highly recurrent mutation in myeloproliferative diseases. It is found in around 98% of patients with polycythemia vera, and just over half of the patients with essential thrombocythemia and primary myelofibrosis. While less associated with cancer, when it is seen, it is more likely to be in myeloid leukemias than lymphoid leukemias. The V617F mutation is an activating mutation, resulting in increased kinase activity. The mutation seems to be restricted to hematologic malignancies. Treatment of JAK mutant diseases with ruxolitinib has seen some clinical success.	64	https://civicdb.org/links/variants/64	103.0	5, 7, 19, 6, 1, 20	https://civicdb.org/links/evidence_items/5, https://civicdb.org/links/evidence_items/7, https://civicdb.org/links/evidence_items/19, https://civicdb.org/links/evidence_items/6, https://civicdb.org/links/evidence_items/1, https://civicdb.org/links/evidence_items/20			RS77375493, VAL617PHE	2024-04-16 22:42:41 UTC	false
PDGFRA D842V	99	PDGFRA D842 mutations are characterized broadly as imatinib resistance mutations. This is most well characterized in gastrointestinal stromal tumors, but other cell lines containing these mutations have been shown to be resistant as well. Exogenous expression of the A842V mutation resulted in constitutive tyrosine phosphorylation of PDGFRA in the absence of ligand in 293T cells and cytokine-independent proliferation of the IL-3-dependent Ba/F3 cell line, both evidence that this is an activating mutation. In imatinib resistant cell lines, a number of other therapeutics have demonstrated efficacy. These include; crenolanib, sirolimus, and midostaurin (PKC412).	99	https://civicdb.org/links/variants/99	100.5	15, 44, 651, 2, 16, 738, 2478, 4597, 2463, 4060, 5346	https://civicdb.org/links/evidence_items/15, https://civicdb.org/links/evidence_items/44, https://civicdb.org/links/evidence_items/651, https://civicdb.org/links/evidence_items/2, https://civicdb.org/links/evidence_items/16, https://civicdb.org/links/evidence_items/738, https://civicdb.org/links/evidence_items/2478, https://civicdb.org/links/evidence_items/4597, https://civicdb.org/links/evidence_items/2463, https://civicdb.org/links/evidence_items/4060, https://civicdb.org/links/evidence_items/5346			ASP842VAL, RS121908585	2024-04-16 22:42:41 UTC	false
CHEK2 Loss-of-function	227		230	https://civicdb.org/links/variants/230	25.0	531	https://civicdb.org/links/evidence_items/531				2024-04-16 22:42:41 UTC	false
MTHFR A222V	254		258	https://civicdb.org/links/variants/258	55.0	1757, 669, 1756	https://civicdb.org/links/evidence_items/1757, https://civicdb.org/links/evidence_items/669, https://civicdb.org/links/evidence_items/1756			C677T, RS1801133, ALA222VAL	2024-04-16 22:42:41 UTC	false
TERT RS2736100	417		421	https://civicdb.org/links/variants/421	10.0	980	https://civicdb.org/links/evidence_items/980				2024-04-16 22:42:42 UTC	false
BRCA1 P968FS	473		477	https://civicdb.org/links/variants/477	20.0	1124, 1123	https://civicdb.org/links/evidence_items/1124, https://civicdb.org/links/evidence_items/1123			PRO968LEUFS, RS398122670, 3021INSTC	2024-04-16 22:42:42 UTC	false
BRCA2 D3095E	657		661	https://civicdb.org/links/variants/661	7.5	1679	https://civicdb.org/links/evidence_items/1679			RS80359198, ASP3095GLU	2024-04-16 22:42:42 UTC	false
TSC1 R1062W	695		714	https://civicdb.org/links/variants/714	8.0	1921, 1768	https://civicdb.org/links/evidence_items/1921, https://civicdb.org/links/evidence_items/1768			ARG1062TRP	2024-04-16 22:42:42 UTC	false
VHL E55RfsTer11 (c.163delG)	747		766	https://civicdb.org/links/variants/766	7.5	1830	https://civicdb.org/links/evidence_items/1830			C.163DELG, GLU55ARGFS	2024-04-16 22:42:42 UTC	false
VHL A56fs (c.164_165insA)	771		793	https://civicdb.org/links/variants/793	5.0	1857	https://civicdb.org/links/evidence_items/1857			C.164_165INSA, 165INSA	2024-04-16 22:42:42 UTC	false
VHL E55* (c.163G>T)	1612		1736	https://civicdb.org/links/variants/1736	7.5	4898	https://civicdb.org/links/evidence_items/4898			GLU55TER	2024-04-16 22:42:44 UTC	false
VHL R167Q (c.500G>A)	1615	R167Q is the most common point mutation in hereditary Von Hippel-Lindau (VHL) disease and disrupts the VHL genes binding to elongin C reducing the levels of the VHL-elongin B-elongin C (VBC) E3 ligase complex and inhibiting the ability of VHL to regulate HIF2α. This partial function in turn leads to an increased risk of tumorgenesis. VHL derived clear cell renal cell carcinoma models however have shown the proteasome inhibitors bortezomib and carfilzomib can act to stabilize mutant VHL-R167Q leading to downregulation of HIF2α and suprressed tumorgenesis.	1739	https://civicdb.org/links/variants/1739	110.0	5487, 5093, 6752, 5792, 5762, 4903, 4953, 10844, 4913, 10691, 8498, 5182, 5381, 10832, 10818, 10912, 10850, 8736, 8543, 8537, 6698, 5242, 10731, 10858, 6653, 6619, 6748, 10713, 10937, 10902, 8831, 6528, 6841, 8711, 8622, 8472, 5469, 5330, 5700, 5503, 8372, 6587, 5781, 9802, 5076, 8778, 9425, 5402, 9345, 8552, 9206, 5314, 8951, 9653, 8808, 8792, 5419, 7714, 7757, 6694, 8524, 8815, 6344, 6222, 9538, 8992, 8147, 8256, 8960, 8296, 10160, 8324, 6520, 6291, 6118, 8447, 9031, 9929, 9394, 10845, 10412, 8449, 4981, 10851, 6780, 5485, 10889, 5354, 5264, 5062, 5567, 6526, 10474, 9378, 10915, 6768, 6880, 9103	https://civicdb.org/links/evidence_items/5487, https://civicdb.org/links/evidence_items/5093, https://civicdb.org/links/evidence_items/6752, https://civicdb.org/links/evidence_items/5792, https://civicdb.org/links/evidence_items/5762, https://civicdb.org/links/evidence_items/4903, https://civicdb.org/links/evidence_items/4953, https://civicdb.org/links/evidence_items/10844, https://civicdb.org/links/evidence_items/4913, https://civicdb.org/links/evidence_items/10691, https://civicdb.org/links/evidence_items/8498, https://civicdb.org/links/evidence_items/5182, https://civicdb.org/links/evidence_items/5381, https://civicdb.org/links/evidence_items/10832, https://civicdb.org/links/evidence_items/10818, https://civicdb.org/links/evidence_items/10912, https://civicdb.org/links/evidence_items/10850, https://civicdb.org/links/evidence_items/8736, https://civicdb.org/links/evidence_items/8543, https://civicdb.org/links/evidence_items/8537, https://civicdb.org/links/evidence_items/6698, https://civicdb.org/links/evidence_items/5242, https://civicdb.org/links/evidence_items/10731, https://civicdb.org/links/evidence_items/10858, https://civicdb.org/links/evidence_items/6653, https://civicdb.org/links/evidence_items/6619, https://civicdb.org/links/evidence_items/6748, https://civicdb.org/links/evidence_items/10713, https://civicdb.org/links/evidence_items/10937, https://civicdb.org/links/evidence_items/10902, https://civicdb.org/links/evidence_items/8831, https://civicdb.org/links/evidence_items/6528, https://civicdb.org/links/evidence_items/6841, https://civicdb.org/links/evidence_items/8711, https://civicdb.org/links/evidence_items/8622, https://civicdb.org/links/evidence_items/8472, https://civicdb.org/links/evidence_items/5469, https://civicdb.org/links/evidence_items/5330, https://civicdb.org/links/evidence_items/5700, https://civicdb.org/links/evidence_items/5503, https://civicdb.org/links/evidence_items/8372, https://civicdb.org/links/evidence_items/6587, https://civicdb.org/links/evidence_items/5781, https://civicdb.org/links/evidence_items/9802, https://civicdb.org/links/evidence_items/5076, https://civicdb.org/links/evidence_items/8778, https://civicdb.org/links/evidence_items/9425, https://civicdb.org/links/evidence_items/5402, https://civicdb.org/links/evidence_items/9345, https://civicdb.org/links/evidence_items/8552, https://civicdb.org/links/evidence_items/9206, https://civicdb.org/links/evidence_items/5314, https://civicdb.org/links/evidence_items/8951, https://civicdb.org/links/evidence_items/9653, https://civicdb.org/links/evidence_items/8808, https://civicdb.org/links/evidence_items/8792, https://civicdb.org/links/evidence_items/5419, https://civicdb.org/links/evidence_items/7714, https://civicdb.org/links/evidence_items/7757, https://civicdb.org/links/evidence_items/6694, https://civicdb.org/links/evidence_items/8524, https://civicdb.org/links/evidence_items/8815, https://civicdb.org/links/evidence_items/6344, https://civicdb.org/links/evidence_items/6222, https://civicdb.org/links/evidence_items/9538, https://civicdb.org/links/evidence_items/8992, https://civicdb.org/links/evidence_items/8147, https://civicdb.org/links/evidence_items/8256, https://civicdb.org/links/evidence_items/8960, https://civicdb.org/links/evidence_items/8296, https://civicdb.org/links/evidence_items/10160, https://civicdb.org/links/evidence_items/8324, https://civicdb.org/links/evidence_items/6520, https://civicdb.org/links/evidence_items/6291, https://civicdb.org/links/evidence_items/6118, https://civicdb.org/links/evidence_items/8447, https://civicdb.org/links/evidence_items/9031, https://civicdb.org/links/evidence_items/9929, https://civicdb.org/links/evidence_items/9394, https://civicdb.org/links/evidence_items/10845, https://civicdb.org/links/evidence_items/10412, https://civicdb.org/links/evidence_items/8449, https://civicdb.org/links/evidence_items/4981, https://civicdb.org/links/evidence_items/10851, https://civicdb.org/links/evidence_items/6780, https://civicdb.org/links/evidence_items/5485, https://civicdb.org/links/evidence_items/10889, https://civicdb.org/links/evidence_items/5354, https://civicdb.org/links/evidence_items/5264, https://civicdb.org/links/evidence_items/5062, https://civicdb.org/links/evidence_items/5567, https://civicdb.org/links/evidence_items/6526, https://civicdb.org/links/evidence_items/10474, https://civicdb.org/links/evidence_items/9378, https://civicdb.org/links/evidence_items/10915, https://civicdb.org/links/evidence_items/6768, https://civicdb.org/links/evidence_items/6880, https://civicdb.org/links/evidence_items/9103	4	https://civicdb.org/links/assertions/4	C.500G>A, RS5030821, ARG167GLN	2024-04-16 22:42:44 UTC	false
VHL L118fs (c.352_353insA)	1717		1841	https://civicdb.org/links/variants/1841	7.5	5045	https://civicdb.org/links/evidence_items/5045			LEU118FS, RS869025641	2024-04-16 22:42:44 UTC	false
ALK F1174L AND RANBP2::ALK Fusion	5969		8, 514	https://civicdb.org/links/variants/8, https://civicdb.org/links/variants/514	0.0	32	https://civicdb.org/links/evidence_items/32				2026-06-25 17:35:19 UTC	false
VHL V62Cfs*5 (c.180del)	3053		3184	https://civicdb.org/links/variants/3184	10.0	4916	https://civicdb.org/links/evidence_items/4916				2024-04-16 22:42:47 UTC	false
