variant_id	variant_civic_url	feature_type	feature_id	feature_name	feature_civic_url	variant	variant_aliases	is_flagged	variant_groups	variant_types	single_variant_molecular_profile_id	last_review_date	gene	entrez_id	chromosome	start	stop	reference_bases	variant_bases	representative_transcript	ensembl_version	reference_build	hgvs_descriptions	allele_registry_id	clinvar_ids	ncit_id	5_prime_partner_status	5_prime_partner	3_prime_partner_status	3_prime_partner	vicc_compliant_name	5_prime_transcript	5_prime_end_exon	5_prime_exon_offset	5_prime_exon_offset_direction	3_prime_transcript	3_prime_start_exon	3_prime_exon_offset	3_prime_exon_offset_direction	iscn_name
8	https://civicdb.org/links/variants/8	Gene	1	ALK	https://civicdb.org/links/features/1	F1174L	PHE1174LEU,RS863225281	false	ALK Crizotinib Resistance	missense_variant	8	2025-05-02 19:39:59 UTC	ALK	238	2	29443695	29443695	G	T	ENST00000389048.3	75	GRCh37	NM_004304.4:c.3522C>A,NP_004295.2:p.Phe1174Leu,NC_000002.11:g.29443695G>T,ENST00000389048.3:c.3522C>A	CA279586	217851															
64	https://civicdb.org/links/variants/64	Gene	28	JAK2	https://civicdb.org/links/features/28	V617F	VAL617PHE,RS77375493	false		missense_variant,gain_of_function_variant	64	2025-05-02 19:40:14 UTC	JAK2	3717	9	5073770	5073770	G	T	ENST00000381652.3	75	GRCh37	NC_000009.11:g.5073770G>T,NM_004972.3:c.1849G>T,NP_004963.1:p.Val617Phe,ENST00000381652.3:c.1849G>T	CA124183	14662															
99	https://civicdb.org/links/variants/99	Gene	38	PDGFRA	https://civicdb.org/links/features/38	D842V	ASP842VAL,RS121908585	false	Imatinib Resistance	missense_variant	99	2025-05-02 19:42:18 UTC	PDGFRA	5156	4	55152093	55152093	A	T	ENST00000257290.5	75	GRCh37	NM_006206.4:c.2525A>T,NP_006197.1:p.Asp842Val,ENST00000257290.5:c.2525A>T,NC_000004.11:g.55152093A>T	CA123194	13543															
230	https://civicdb.org/links/variants/230	Gene	8950	CHEK2	https://civicdb.org/links/features/8950	Loss-of-function		false		loss_of_function_variant	227	2024-09-17 01:52:52 UTC	CHEK2	11200	22	29083732	29137832			ENST00000328354.6	75	GRCh37			N/A															
258	https://civicdb.org/links/variants/258	Gene	3672	MTHFR	https://civicdb.org/links/features/3672	A222V	RS1801133,C677T,ALA222VAL	false		missense_variant	254	2025-05-02 19:41:41 UTC	MTHFR	4524	1	11856378	11856378	G	A	ENST00000376592.1	75	GRCh37	NM_005957.4:c.665C>T,NP_005948.3:p.Ala222Val,ENST00000376592.1:c.665G>A,NC_000001.10:g.11856378G>A	CA170990	3520															
421	https://civicdb.org/links/variants/421	Gene	79	TERT	https://civicdb.org/links/features/79	RS2736100		false		coding_transcript_intron_variant,polymorphic_sequence_variant	417	2025-05-02 19:40:22 UTC	TERT	7015	5	1286516	1286516	C	A	ENST00000310581.5	75	GRCh37	NC_000005.9:g.1286516C>A,ENST00000310581.5:c.1574-3777G>T,NM_001193376.1:c.1574-3777G>T,NP_001180305.1:p.=	CA11915794	375480															
477	https://civicdb.org/links/variants/477	Gene	6	BRCA1	https://civicdb.org/links/features/6	P968FS	3021INSTC,PRO968LEUFS,RS398122670	false		frameshift_truncation	473	2025-05-02 19:40:27 UTC	BRCA1	672	17	41244645	41244646		GA	ENST00000471181.2	75	GRCh37	NM_007294.3:c.2902_2903insTC,NP_009225.1:p.Pro968Leufs,NC_000017.10:g.41244645_41244646insGA,ENST00000471181.2:c.2902_2903insTC	CA001889	91602															
514	https://civicdb.org/links/variants/514	Fusion	61767	RANBP2::ALK	https://civicdb.org/links/features/61767	Fusion	RANBP2-ALK	false	ALK Fusion	transcript_fusion	510	2024-10-23 19:59:43 UTC															known	RANBP2	known	ALK	RANBP2(entrez:5903)::ALK(entrez:238)	ENST00000283195.6	18			ENST00000389048.3	20			
661	https://civicdb.org/links/variants/661	Gene	7	BRCA2	https://civicdb.org/links/features/7	D3095E	ASP3095GLU,RS80359198	false		missense_variant	657	2025-05-02 19:39:54 UTC	BRCA2	675	13	32968854	32968854	C	A	ENST00000544455.1	75	GRCh37	NM_000059.3:c.9285C>A,NP_000050.2:p.Asp3095Glu,ENST00000544455.1:c.9285C>A,NC_000013.10:g.32968854C>A	CA10586089	252859															
714	https://civicdb.org/links/variants/714	Gene	46	TSC1	https://civicdb.org/links/features/46	R1062W	ARG1062TRP	false		missense_variant	695	2025-05-02 19:40:44 UTC	TSC1	7248	9	135771933	135771933	G	A	ENST00000298552.3	75	GRCh37	NM_000368.3:c.3184C>T,NP_000359.1:p.Arg1062Trp,ENST00000298552.3:c.3184C>T,NC_000009.11:g.135771933G>A	CA007223	49015															
766	https://civicdb.org/links/variants/766	Gene	58	VHL	https://civicdb.org/links/features/58	E55RfsTer11 (c.163delG)	C.163DELG,GLU55ARGFS	false		frameshift_truncation	747	2025-05-02 19:40:48 UTC	VHL	7428	3	10183694	10183694	G		ENST00000256474.2	75	GRCh37	NP_000542.1:p.Glu55fs,NP_000542.1:p.Glu55ArgfsTer11,NM_000551.2:c.163delG,NC_000003.11:g.10183694del,ENST00000256474.2:c.163delG	CA432536363	428800															
793	https://civicdb.org/links/variants/793	Gene	58	VHL	https://civicdb.org/links/features/58	A56fs (c.164_165insA)	165INSA,C.164_165INSA	false		frameshift_truncation	771	2025-05-02 19:42:30 UTC	VHL	7428	3	10183695	10183696		A	ENST00000256474.2	75	GRCh37	NP_000542.1:p.Ala56fs,NP_000542.1:p.Ala56GlyfsTer74,NM_000551.2:c.164_165insA,NC_000003.11:g.10183695_10183696insA,NC_000003.11:g.10183695dupA,NC_000003.12:g.10142011dup	CA658795187	NONE FOUND															
1736	https://civicdb.org/links/variants/1736	Gene	58	VHL	https://civicdb.org/links/features/58	E55* (c.163G>T)	GLU55TER	false		stop_gained	1612	2025-05-02 19:42:57 UTC	VHL	7428	3	10183694	10183694	G	T	ENST00000256474.2	75	GRCh37	ENST00000256474.2:c.163G>T,NC_000003.11:g.10183694G>T,NC_000003.12:g.10142010G>T,NM_000551.4:c.163G>T,NP_000542.1:p.Glu55Ter	CA351748495	NONE FOUND															
1739	https://civicdb.org/links/variants/1739	Gene	58	VHL	https://civicdb.org/links/features/58	R167Q (c.500G>A)	C.500G>A,ARG167GLN,RS5030821	false		missense_variant	1615	2025-05-02 19:42:58 UTC	VHL	7428	3	10191507	10191507	G	A	ENST00000256474.2	75	GRCh37	NM_000551.3:c.500G>A,NP_000542.1:p.Arg167Gln,NC_000003.11:g.10191507G>A,NC_000003.12:g.10149823G>A,ENSP00000256474.3:p.Arg167Gln,ENST00000256474.3:c.500G>A	CA020454	2216															
1841	https://civicdb.org/links/variants/1841	Gene	58	VHL	https://civicdb.org/links/features/58	L118fs (c.352_353insA)	LEU118FS,RS869025641	false		plus_1_frameshift_variant	1717	2025-05-02 19:43:20 UTC	VHL	7428	3	10188209	10188210		A	ENST00000256474.2	75	GRCh37	NC_000003.11:g.10188209_10188210insA,NC_000003.12:g.10146525_10146526insA,NM_000551.3:c.352_353insA,NP_000542.1:p.Leu118fs	CA357125	223198															
3184	https://civicdb.org/links/variants/3184	Gene	58	VHL	https://civicdb.org/links/features/58	V62Cfs*5 (c.180del)		false			3053	2024-09-17 01:53:05 UTC	VHL	7428																										
